user,service,value,startDate,id,type
2qDLEBNv,hazelnut_cappuccino,1.0,1557921970770,0,INTERACTION
iia5SP5,hazelnut_cappuccino,1.0,1557921992354,1,INTERACTION
IQtg13hB,expresso,1.0,1557922622142,2,INTERACTION
5pVcV5V,chocolate,1.0,1557928954537,3,INTERACTION
jb1CjU1HF,chocolate,1.0,1557929585777,4,INTERACTION
Vhpk5shpkk,expresso,1.0,1557930123605,5,INTERACTION
IQtg13hB,expresso,1.0,1557930893916,6,INTERACTION
OJwzAJ33l,chocolate,1.0,1557932620438,7,INTERACTION
jb1CjU1HF,chocolate,1.0,1557941866476,8,INTERACTION
FmxgvxmU,milk_coffee,1.0,1557986454593,9,INTERACTION
2qDLEBNv,long_coffee,1.0,1557988276919,10,INTERACTION
CuAgSlJwl,cortado,1.0,1557988450945,11,INTERACTION
CuAgSlJwl,milk_coffee,1.0,1557988512758,12,INTERACTION
5pVcV5V,milk_coffee,1.0,1557988556349,13,INTERACTION
5pVcV5V,chocolate,1.0,1557988613013,14,INTERACTION
IQtg13hB,expresso,1.0,1557988986391,15,INTERACTION
iia5SP5,hazelnut_cappuccino,1.0,1557990143113,16,INTERACTION
M8TX69h8,milk_coffee,1.0,1557992351253,17,INTERACTION
93xlxT,chocolate,1.0,1557992781741,18,INTERACTION
M8TX69h8,milk_coffee,1.0,1557992862875,19,INTERACTION
CuAgSlJwl,milk_coffee,1.0,1557993326048,20,INTERACTION
IQtg13hB,expresso,1.0,1557993986463,21,INTERACTION
D6F0qp7s7,milk_coffee,1.0,1557994046820,22,INTERACTION
M8TX69h8,arabiar tea,1.0,1557994215793,23,INTERACTION
Vhpk5shpkk,expresso,1.0,1557995226246,24,INTERACTION
2qDLEBNv,long_coffee,1.0,1557996801672,25,INTERACTION
jb1CjU1HF,hazelnut_cappuccino,1.0,1557996831987,26,INTERACTION
uhDooz5uD,milk_coffee,1.0,1557996885561,27,INTERACTION
CCMAqXtVdM,cortado,1.0,1557996948345,28,INTERACTION
iia5SP5,hazelnut_cappuccino,1.0,1557997941869,29,INTERACTION
TRFKSXv,chocolate,1.0,1558004415279,30,INTERACTION
jb1CjU1HF,milk_coffee,1.0,1558004847024,31,INTERACTION
2qDLEBNv,hazelnut_cappuccino,1.0,1558004957756,32,INTERACTION
gKUuuzg9,milk_coffee,1.0,1558005049662,33,INTERACTION
CCMAqXtVdM,cortado,1.0,1558009643986,34,INTERACTION
Vhpk5shpkk,expresso,1.0,1558012157602,35,INTERACTION
ymETMF4M4,long_coffee,1.0,1558012344878,36,INTERACTION
55reHHf,milk_coffee,1.0,1558012727151,37,INTERACTION
CuAgSlJwl,milk_coffee,1.0,1558015260730,38,INTERACTION
CCMAqXtVdM,cortado,1.0,1558016061976,39,INTERACTION
gKUuuzg9,chocolate,1.0,1558019463718,40,INTERACTION
gKUuuzg9,milk_coffee,1.0,1558019503769,41,INTERACTION
CuAgSlJwl,milk_coffee,1.0,1558070545845,43,INTERACTION
FmxgvxmU,milk_coffee,1.0,1558072645571,44,INTERACTION
FmxgvxmU,capuccino decaffeinated,1.0,1558073314451,45,INTERACTION
CuAgSlJwl,expresso,1.0,1558075165080,46,INTERACTION
CuAgSlJwl,milk_coffee,1.0,1558075227943,47,INTERACTION
gKUuuzg9,milk_coffee,1.0,1558075360783,48,INTERACTION
gKUuuzg9,chocolate,1.0,1558075426475,49,INTERACTION
2qDLEBNv,long_coffee,1.0,1558076373825,50,INTERACTION
CCMAqXtVdM,cortado,1.0,1558076814492,51,INTERACTION
FmxgvxmU,cortado,1.0,1558077975149,52,INTERACTION
Vhpk5shpkk,expresso,1.0,1558079463885,53,INTERACTION
IQtg13hB,expresso,1.0,1558080495311,54,INTERACTION
ymETMF4M4,capuccino,1.0,1558081848525,55,INTERACTION
D6F0qp7s7,milk_coffee,1.0,1558083965605,56,INTERACTION
M8TX69h8,milk_coffee,1.0,1558084002107,57,INTERACTION
5pVcV5V,hazelnut_cappuccino,1.0,1558084233712,58,INTERACTION
gKUuuzg9,milk_coffee,1.0,1558084271009,59,INTERACTION
qpzNDzybrsi,expresso,1.0,1558090952935,60,INTERACTION
IQtg13hB,expresso,1.0,1558094113030,61,INTERACTION
D6F0qp7s7,cortado,1.0,1558095809945,62,INTERACTION
uhDooz5uD,milk_coffee,1.0,1558096549775,63,INTERACTION
Vhpk5shpkk,capuccino,1.0,1558101225927,64,INTERACTION
ymETMF4M4,capuccino,1.0,1558102183016,65,INTERACTION
CCMAqXtVdM,cortado,1.0,1558107712810,66,INTERACTION
jb1CjU1HF,milk_coffee,1.0,1558107867580,67,INTERACTION
CuAgSlJwl,milk_coffee,1.0,1558163908423,68,INTERACTION
CuAgSlJwl,milk_coffee,1.0,1558258344156,69,INTERACTION
CCMAqXtVdM,cortado,1.0,1558331810561,70,INTERACTION
5pVcV5V,hazelnut_cappuccino,1.0,1558332913267,71,INTERACTION
gKUuuzg9,milk_coffee,1.0,1558333048305,72,INTERACTION
CuAgSlJwl,milk_coffee,1.0,1558333142013,73,INTERACTION
qpzNDzybrsi,expresso,1.0,1558333614014,74,INTERACTION
CCMAqXtVdM,cortado,1.0,1558335469367,75,INTERACTION
ymETMF4M4,capuccino,1.0,1558339153359,76,INTERACTION
M8TX69h8,milk_coffee,1.0,1558340193787,77,INTERACTION
IQtg13hB,expresso,1.0,1558340627547,78,INTERACTION
OJwzAJ33l,long_coffee,1.0,1558340730774,79,INTERACTION
Vhpk5shpkk,expresso,1.0,1558342567991,80,INTERACTION
gKUuuzg9,milk_coffee,1.0,1558343224315,81,INTERACTION
5pVcV5V,hazelnut_cappuccino,1.0,1558343249925,82,INTERACTION
5pVcV5V,hazelnut_cappuccino,1.0,1558349712233,83,INTERACTION
gKUuuzg9,milk_coffee,1.0,1558349764842,84,INTERACTION
qpzNDzybrsi,expresso,1.0,1558350013150,85,INTERACTION
2qDLEBNv,long_coffee,1.0,1558350057619,86,INTERACTION
TRFKSXv,chocolate,1.0,1558350061984,87,INTERACTION
CuAgSlJwl,milk_coffee,1.0,1558350224298,88,INTERACTION
93xlxT,chocolate,1.0,1558350236906,89,INTERACTION
jb1CjU1HF,milk_coffee,1.0,1558351493322,90,INTERACTION
M8TX69h8,milk_coffee,1.0,1558352256825,91,INTERACTION
D6F0qp7s7,milk_coffee,1.0,1558352282569,92,INTERACTION
iia5SP5,hazelnut_cappuccino,1.0,1558352335511,93,INTERACTION
OJwzAJ33l,long_coffee,1.0,1558353441159,94,INTERACTION
IQtg13hB,expresso,1.0,1558353481419,95,INTERACTION
Vhpk5shpkk,decaffeinated,1.0,1558355034900,96,INTERACTION
FmxgvxmU,light_coffee,1.0,1558357686442,97,INTERACTION
CCMAqXtVdM,cortado,1.0,1558358293190,98,INTERACTION
FmxgvxmU,expresso,1.0,1558358908940,99,INTERACTION
uhDooz5uD,milk_coffee,1.0,1558359573917,100,INTERACTION
uhDooz5uD,milk_coffee,1.0,1558359689434,101,INTERACTION
ymETMF4M4,long_coffee,1.0,1558361507430,102,INTERACTION
5pVcV5V,chocolate,1.0,1558420530723,103,INTERACTION
gKUuuzg9,milk_coffee,1.0,1558420592287,104,INTERACTION
CkfZksM2rBrL,cortado,1.0,1558422529790,105,INTERACTION
Vhpk5shpkk,decaffeinated,1.0,1558423669432,106,INTERACTION
D6F0qp7s7,milk_coffee,1.0,1558426597081,107,INTERACTION
iia5SP5,hazelnut_cappuccino,1.0,1558426615315,108,INTERACTION
5pVcV5V,hazelnut_cappuccino,1.0,1558427761120,109,INTERACTION
gKUuuzg9,milk_coffee,1.0,1558427793030,110,INTERACTION
ymETMF4M4,decaffeinated,1.0,1558428661847,111,INTERACTION
iia5SP5,chocolate_milk,1.0,1558429356014,112,INTERACTION
Vhpk5shpkk,decaffeinated,1.0,1558429494406,113,INTERACTION
uhDooz5uD,milk_coffee,1.0,1558431618985,114,INTERACTION
uhDooz5uD,milk_coffee,1.0,1558431660118,115,INTERACTION
5pVcV5V,hazelnut_cappuccino,1.0,1558436939791,116,INTERACTION
gKUuuzg9,milk_coffee,1.0,1558436965418,117,INTERACTION
jb1CjU1HF,milk_coffee,1.0,1558438767539,118,INTERACTION
CuAgSlJwl,milk_coffee,1.0,1558441760042,119,INTERACTION
Vhpk5shpkk,decaffeinated,1.0,1558446218361,120,INTERACTION
ymETMF4M4,long_decaffeinated,1.0,1558456551384,121,INTERACTION
5pVcV5V,chocolate,1.0,1558506950912,122,INTERACTION
OJwzAJ33l,long_coffee,1.0,1558507804108,123,INTERACTION
Vhpk5shpkk,expresso,1.0,1558510025788,124,INTERACTION
ymETMF4M4,capuccino,1.0,1558510825777,125,INTERACTION
OJwzAJ33l,long_coffee,1.0,1558512513385,126,INTERACTION
IQtg13hB,expresso,1.0,1558512556523,127,INTERACTION
D6F0qp7s7,milk_coffee,1.0,1558512921849,128,INTERACTION
FmxgvxmU,cortado,1.0,1558513759718,129,INTERACTION
5pVcV5V,hazelnut_cappuccino,1.0,1558514424104,130,INTERACTION
gKUuuzg9,milk_coffee,1.0,1558514441916,131,INTERACTION
M8TX69h8,milk_coffee,1.0,1558514554979,132,INTERACTION
uhDooz5uD,milk_coffee,1.0,1558515092463,133,INTERACTION
CkfZksM2rBrL,cortado,1.0,1558516019492,134,INTERACTION
CuAgSlJwl,milk_coffee,1.0,1558516751131,135,INTERACTION
5pVcV5V,hazelnut_cappuccino,1.0,1558523346725,136,INTERACTION
gKUuuzg9,milk_coffee,1.0,1558523350749,137,INTERACTION
FmxgvxmU,cortado,1.0,1558524151567,138,INTERACTION
D6F0qp7s7,cortado,1.0,1558524173995,139,INTERACTION
CuAgSlJwl,milk_coffee,1.0,1558524702572,140,INTERACTION
qpzNDzybrsi,expresso,1.0,1558526078263,141,INTERACTION
jb1CjU1HF,milk_coffee,1.0,1558526083181,142,INTERACTION
IQtg13hB,expresso,1.0,1558527007428,143,INTERACTION
uhDooz5uD,milk_coffee,1.0,1558530710848,144,INTERACTION
CCMAqXtVdM,cortado,1.0,1558531458269,145,INTERACTION
ymETMF4M4,long_decaffeinated,1.0,1558531618236,146,INTERACTION
Vhpk5shpkk,decaffeinated,1.0,1558531748013,147,INTERACTION
CkfZksM2rBrL,cortado,1.0,1558532124300,148,INTERACTION
IQtg13hB,expresso,1.0,1558534748958,149,INTERACTION
OJwzAJ33l,chocolate,1.0,1558534755364,150,INTERACTION
5pVcV5V,chocolate,1.0,1558592250179,151,INTERACTION
gKUuuzg9,milk_coffee,1.0,1558592281125,152,INTERACTION
iia5SP5,hazelnut_cappuccino,1.0,1558596933611,153,INTERACTION
CuAgSlJwl,milk_coffee,1.0,1558597501998,154,INTERACTION
CuAgSlJwl,milk_coffee,1.0,1558597534725,155,INTERACTION
ymETMF4M4,capuccino,1.0,1558599326312,156,INTERACTION
jb1CjU1HF,milk_coffee,1.0,1558599503734,157,INTERACTION
IQtg13hB,expresso,1.0,1558599580390,158,INTERACTION
93xlxT,chocolate,1.0,1558600142556,159,INTERACTION
gKUuuzg9,milk_coffee,1.0,1558601926711,160,INTERACTION
CCMAqXtVdM,cortado,1.0,1558602145795,161,INTERACTION
uhDooz5uD,milk_coffee,1.0,1558602897382,162,INTERACTION
5pVcV5V,hazelnut_cappuccino,1.0,1558603369737,163,INTERACTION
Vhpk5shpkk,decaffeinated,1.0,1558606945240,164,INTERACTION
jb1CjU1HF,milk_coffee,1.0,1558610407411,165,INTERACTION
IQtg13hB,expresso,1.0,1558612618350,166,INTERACTION
uhDooz5uD,milk_coffee,1.0,1558615400276,167,INTERACTION
FmxgvxmU,cortado decaffeinated,1.0,1558618385438,168,INTERACTION
ymETMF4M4,capuccino,1.0,1558619701458,169,INTERACTION
93xlxT,chocolate,1.0,1558622263128,170,INTERACTION
ymETMF4M4,long_decaffeinated,1.0,1558625353731,171,INTERACTION
CuAgSlJwl,milk_coffee,1.0,1558679955765,173,INTERACTION
uhDooz5uD,milk_coffee,1.0,1558681496724,174,INTERACTION
IQtg13hB,expresso,1.0,1558685032322,175,INTERACTION
ymETMF4M4,long_coffee,1.0,1558685456303,176,INTERACTION
FmxgvxmU,cortado,1.0,1558685554728,177,INTERACTION
2qDLEBNv,chocolate,1.0,1558687681138,178,INTERACTION
5pVcV5V,hazelnut_cappuccino,1.0,1558688313349,179,INTERACTION
M8TX69h8,milk_coffee,1.0,1558689516719,180,INTERACTION
D6F0qp7s7,milk_coffee,1.0,1558689528388,181,INTERACTION
FmxgvxmU,decaffeinated,1.0,1558690080997,182,INTERACTION
13zpiFiAzJ,expresso,1.0,1558690613680,183,INTERACTION
93xlxT,chocolate,1.0,1558690827568,184,INTERACTION
FmxgvxmU,expresso,1.0,1558692027377,185,INTERACTION
FmxgvxmU,expresso,1.0,1558692606395,186,INTERACTION
FmxgvxmU,expresso,1.0,1558693607459,187,INTERACTION
FmxgvxmU,expresso,1.0,1558694056507,188,INTERACTION
CuAgSlJwl,milk_coffee,1.0,1558694819087,189,INTERACTION
CkfZksM2rBrL,cortado,1.0,1558694881761,190,INTERACTION
M8TX69h8,milk_coffee,1.0,1558697768674,191,INTERACTION
P5BAwzTfB,hazelnut_cappuccino,1.0,1558698188811,192,INTERACTION
IQtg13hB,expresso,1.0,1558699442271,193,INTERACTION
Vhpk5shpkk,expresso,1.0,1558699658188,194,INTERACTION
ymETMF4M4,capuccino,1.0,1558705470406,195,INTERACTION
jb1CjU1HF,chocolate,1.0,1558708248498,196,INTERACTION
2qDLEBNv,long_coffee,1.0,1558708426343,197,INTERACTION
ymETMF4M4,long_decaffeinated,1.0,1558713445157,198,INTERACTION
CuAgSlJwl,milk_coffee,1.0,1558765915714,199,INTERACTION
CuAgSlJwl,milk_coffee,1.0,1558858619428,200,INTERACTION
CuAgSlJwl,milk_coffee,1.0,1558867116203,201,INTERACTION
2qDLEBNv,long_coffee,1.0,1558938696028,202,INTERACTION
OJwzAJ33l,long_coffee,1.0,1558939094188,203,INTERACTION
5pVcV5V,chocolate,1.0,1558939110173,204,INTERACTION
gKUuuzg9,milk_coffee,1.0,1558939153193,205,INTERACTION
Vhpk5shpkk,decaffeinated,1.0,1558941104968,206,INTERACTION
D6F0qp7s7,milk_coffee,1.0,1558941984657,207,INTERACTION
ymETMF4M4,capuccino,1.0,1558942297483,208,INTERACTION
IQtg13hB,expresso,1.0,1558944708619,209,INTERACTION
FmxgvxmU,cortado,1.0,1558946854984,210,INTERACTION
5pVcV5V,hazelnut_cappuccino,1.0,1558946956607,211,INTERACTION
gKUuuzg9,milk_coffee,1.0,1558947006795,212,INTERACTION
CkfZksM2rBrL,cortado,1.0,1558947856685,213,INTERACTION
CCMAqXtVdM,cortado,1.0,1558947865624,214,INTERACTION
5pVcV5V,hazelnut_cappuccino,1.0,1558955041494,215,INTERACTION
gKUuuzg9,milk_coffee,1.0,1558955047811,216,INTERACTION
FmxgvxmU,cortado,1.0,1558956911817,217,INTERACTION
D6F0qp7s7,cortado,1.0,1558957438446,218,INTERACTION
iia5SP5,hazelnut_cappuccino,1.0,1558957953555,219,INTERACTION
OJwzAJ33l,expresso,1.0,1558958191248,220,INTERACTION
IQtg13hB,expresso,1.0,1558958243638,221,INTERACTION
Vhpk5shpkk,decaffeinated,1.0,1558959982240,222,INTERACTION
ymETMF4M4,capuccino,1.0,1558964800354,223,INTERACTION
Vhpk5shpkk,decaffeinated,1.0,1558968200665,224,INTERACTION
CkfZksM2rBrL,cortado,1.0,1558970910321,225,INTERACTION
CuAgSlJwl,milk_coffee,1.0,1559022605556,226,INTERACTION
CCMAqXtVdM,cortado,1.0,1559025164577,227,INTERACTION
5pVcV5V,hazelnut_cappuccino,1.0,1559025646689,228,INTERACTION
gKUuuzg9,milk_coffee,1.0,1559025706692,229,INTERACTION
d4guBrpB,cortado,1.0,1559028170244,230,INTERACTION
93xlxT,chocolate,1.0,1559030497971,231,INTERACTION
ymETMF4M4,capuccino,1.0,1559031285313,232,INTERACTION
M8TX69h8,milk_coffee,1.0,1559032774969,233,INTERACTION
5pVcV5V,hazelnut_cappuccino,1.0,1559034157090,234,INTERACTION
gKUuuzg9,milk_coffee,1.0,1559034231779,235,INTERACTION
CuAgSlJwl,milk_coffee,1.0,1559040012395,236,INTERACTION
jb1CjU1HF,milk_coffee,1.0,1559040825659,237,INTERACTION
5pVcV5V,hazelnut_cappuccino,1.0,1559042192898,238,INTERACTION
gKUuuzg9,milk_coffee,1.0,1559042205299,239,INTERACTION
CkfZksM2rBrL,cortado,1.0,1559043737224,240,INTERACTION
Vhpk5shpkk,decaffeinated,1.0,1559049000204,241,INTERACTION
d4guBrpB,cortado,1.0,1559050535589,242,INTERACTION
ymETMF4M4,capuccino,1.0,1559055263099,243,INTERACTION
5pVcV5V,chocolate,1.0,1559111189314,244,INTERACTION
gKUuuzg9,milk_coffee,1.0,1559111218239,245,INTERACTION
FmxgvxmU,milk_coffee,1.0,1559112777329,246,INTERACTION
ymETMF4M4,capuccino,1.0,1559116207862,247,INTERACTION
CuAgSlJwl,milk_coffee,1.0,1559116646087,248,INTERACTION
93xlxT,chocolate,1.0,1559117176377,249,INTERACTION
M8TX69h8,milk_coffee,1.0,1559118037548,250,INTERACTION
D6F0qp7s7,milk_coffee,1.0,1559118078291,251,INTERACTION
Vhpk5shpkk,decaffeinated,1.0,1559118090890,252,INTERACTION
OJwzAJ33l,long_coffee,1.0,1559118199931,253,INTERACTION
IQtg13hB,expresso,1.0,1559118208027,254,INTERACTION
5pVcV5V,hazelnut_cappuccino,1.0,1559119899842,255,INTERACTION
gKUuuzg9,milk_coffee,1.0,1559119924103,256,INTERACTION
uhDooz5uD,milk_coffee,1.0,1559121770666,257,INTERACTION
d4guBrpB,cortado,1.0,1559123416369,258,INTERACTION
CuAgSlJwl,milk_coffee,1.0,1559123685562,259,INTERACTION
93xlxT,chocolate,1.0,1559123949207,260,INTERACTION
5pVcV5V,hazelnut_cappuccino,1.0,1559128303720,261,INTERACTION
gKUuuzg9,milk_coffee,1.0,1559128332584,262,INTERACTION
5pVcV5V,chocolate,1.0,1559128606378,263,INTERACTION
gKUuuzg9,milk_coffee,1.0,1559128640217,264,INTERACTION
CkfZksM2rBrL,cortado,1.0,1559130730786,265,INTERACTION
FmxgvxmU,cortado,1.0,1559131041823,266,INTERACTION
OJwzAJ33l,expresso,1.0,1559131262223,267,INTERACTION
jb1CjU1HF,milk_coffee,1.0,1559131476996,268,INTERACTION
uhDooz5uD,milk_coffee,1.0,1559133421740,269,INTERACTION
ymETMF4M4,capuccino,1.0,1559136263050,270,INTERACTION
d4guBrpB,cortado,1.0,1559139701748,271,INTERACTION
CCMAqXtVdM,cortado,1.0,1559197205737,272,INTERACTION
5pVcV5V,chocolate,1.0,1559198587799,273,INTERACTION
gKUuuzg9,milk_coffee,1.0,1559198621923,274,INTERACTION
CuAgSlJwl,milk_coffee,1.0,1559199736707,275,INTERACTION
IQtg13hB,expresso,1.0,1559203331551,276,INTERACTION
ymETMF4M4,capuccino,1.0,1559204877943,277,INTERACTION
gKUuuzg9,milk_coffee,1.0,1559206340370,278,INTERACTION
5pVcV5V,hazelnut_cappuccino,1.0,1559206382014,279,INTERACTION
M8TX69h8,milk_coffee,1.0,1559207020159,280,INTERACTION
2qDLEBNv,long_coffee,1.0,1559207129856,281,INTERACTION
jb1CjU1HF,chocolate,1.0,1559208371686,282,INTERACTION
13zpiFiAzJ,expresso,1.0,1559208429495,283,INTERACTION
D6F0qp7s7,milk_coffee,1.0,1559209925357,284,INTERACTION
FmxgvxmU,cortado,1.0,1559211926054,285,INTERACTION
M8TX69h8,milk_coffee,1.0,1559215546332,286,INTERACTION
D6F0qp7s7,cortado,1.0,1559215597082,287,INTERACTION
IQtg13hB,expresso,1.0,1559217275929,288,INTERACTION
d4guBrpB,cortado,1.0,1559227748038,289,INTERACTION
5pVcV5V,hazelnut_cappuccino,1.0,1559284356055,290,INTERACTION
P5BAwzTfB,capuccino decaffeinated,1.0,1559284379552,291,INTERACTION
ymETMF4M4,capuccino,1.0,1559290058102,292,INTERACTION
P5BAwzTfB,capuccino,1.0,1559291198909,293,INTERACTION
CuAgSlJwl,milk_coffee,1.0,1559291481827,294,INTERACTION
d4guBrpB,cortado,1.0,1559293249305,295,INTERACTION
FmxgvxmU,cortado,1.0,1559295142745,296,INTERACTION
qpzNDzybrsi,expresso,1.0,1559295170216,297,INTERACTION
93xlxT,chocolate,1.0,1559296689891,298,INTERACTION
5pVcV5V,hazelnut_cappuccino,1.0,1559297878721,299,INTERACTION
gKUuuzg9,milk_coffee,1.0,1559297953741,300,INTERACTION
Vhpk5shpkk,decaffeinated,1.0,1559299701046,301,INTERACTION
CuAgSlJwl,milk_coffee,1.0,1559301717820,302,INTERACTION
P5BAwzTfB,hazelnut_cappuccino,1.0,1559301794789,303,INTERACTION
IQtg13hB,expresso,1.0,1559303364932,304,INTERACTION
FmxgvxmU,cortado,1.0,1559303477192,305,INTERACTION
D6F0qp7s7,cortado,1.0,1559304511398,306,INTERACTION
ymETMF4M4,long_coffee,1.0,1559311347435,307,INTERACTION
Vhpk5shpkk,decaffeinated,1.0,1559312888267,308,INTERACTION
jb1CjU1HF,chocolate,1.0,1559317587271,309,INTERACTION
5pVcV5V,chocolate,1.0,1559542561133,310,INTERACTION
ymETMF4M4,capuccino,1.0,1559543987479,311,INTERACTION
OJwzAJ33l,long_coffee,1.0,1559544093456,312,INTERACTION
D6F0qp7s7,milk_coffee,1.0,1559546735576,313,INTERACTION
FmxgvxmU,cortado,1.0,1559548392971,314,INTERACTION
Vhpk5shpkk,decaffeinated,1.0,1559549243514,315,INTERACTION
gKUuuzg9,milk_coffee,1.0,1559553020557,316,INTERACTION
CkfZksM2rBrL,cortado,1.0,1559553839633,317,INTERACTION
P5BAwzTfB,hazelnut_cappuccino,1.0,1559554055914,318,INTERACTION
M8TX69h8,milk_coffee,1.0,1559554542677,319,INTERACTION
CuAgSlJwl,milk_coffee,1.0,1559561046674,320,INTERACTION
FmxgvxmU,cortado,1.0,1559561227918,321,INTERACTION
IQtg13hB,expresso,1.0,1559563222489,322,INTERACTION
OJwzAJ33l,expresso,1.0,1559563248027,323,INTERACTION
M8TX69h8,milk_coffee,1.0,1559564669575,324,INTERACTION
D6F0qp7s7,cortado,1.0,1559564705287,325,INTERACTION
uhDooz5uD,milk_coffee,1.0,1559569418880,326,INTERACTION
ymETMF4M4,long_coffee,1.0,1559570046800,327,INTERACTION
CuAgSlJwl,milk_coffee,1.0,1559625868990,328,INTERACTION
Vhpk5shpkk,decaffeinated,1.0,1559632283813,329,INTERACTION
ymETMF4M4,long_coffee,1.0,1559633475868,330,INTERACTION
IQtg13hB,expresso,1.0,1559633663245,331,INTERACTION
FmxgvxmU,chocolate,1.0,1559633724559,332,INTERACTION
D6F0qp7s7,milk_coffee,1.0,1559635253899,333,INTERACTION
93xlxT,chocolate,1.0,1559639023672,334,INTERACTION
CuAgSlJwl,milk_coffee,1.0,1559639645050,335,INTERACTION
P5BAwzTfB,hazelnut_cappuccino,1.0,1559639783828,336,INTERACTION
qpzNDzybrsi,expresso,1.0,1559639872014,337,INTERACTION
IQtg13hB,expresso,1.0,1559640400251,338,INTERACTION
CkfZksM2rBrL,cortado,1.0,1559640414301,339,INTERACTION
2qDLEBNv,chocolate,1.0,1559647079048,340,INTERACTION
D6F0qp7s7,cortado,1.0,1559648731478,341,INTERACTION
Vhpk5shpkk,milk_coffee kafeinagabe,1.0,1559649014089,342,INTERACTION
IQtg13hB,expresso,1.0,1559649095032,343,INTERACTION
CuAgSlJwl,milk_coffee,1.0,1559650134179,344,INTERACTION
P5BAwzTfB,hazelnut_cappuccino,1.0,1559651307656,345,INTERACTION
ymETMF4M4,long_coffee,1.0,1559656583724,346,INTERACTION
5pVcV5V,chocolate,1.0,1559716788446,347,INTERACTION
gKUuuzg9,milk_coffee,1.0,1559716815354,348,INTERACTION
OJwzAJ33l,long_coffee,1.0,1559716977316,349,INTERACTION
Vhpk5shpkk,decaffeinated,1.0,1559719552609,350,INTERACTION
D6F0qp7s7,milk_coffee,1.0,1559723550560,351,INTERACTION
5pVcV5V,hazelnut_cappuccino,1.0,1559724565218,352,INTERACTION
gKUuuzg9,milk_coffee,1.0,1559724590525,353,INTERACTION
P5BAwzTfB,hazelnut_cappuccino,1.0,1559725092089,354,INTERACTION
FmxgvxmU,cortado,1.0,1559726984671,355,INTERACTION
TRFKSXv,chocolate,1.0,1559728196634,356,INTERACTION
5pVcV5V,hazelnut_cappuccino,1.0,1559733282121,357,INTERACTION
gKUuuzg9,milk_coffee,1.0,1559733299003,358,INTERACTION
qpzNDzybrsi,expresso,1.0,1559733861779,359,INTERACTION
M8TX69h8,milk_coffee,1.0,1559734365294,360,INTERACTION
D6F0qp7s7,cortado,1.0,1559734406215,361,INTERACTION
Vhpk5shpkk,decaffeinated,1.0,1559735045789,362,INTERACTION
CkfZksM2rBrL,cortado,1.0,1559735986649,363,INTERACTION
uhDooz5uD,milk_coffee,1.0,1559738906638,364,INTERACTION
OJwzAJ33l,long_coffee,1.0,1559803504706,365,INTERACTION
ymETMF4M4,capuccino,1.0,1559806778687,366,INTERACTION
M8TX69h8,milk_coffee,1.0,1559811350018,367,INTERACTION
D6F0qp7s7,milk_coffee,1.0,1559811380415,368,INTERACTION
5pVcV5V,hazelnut_cappuccino,1.0,1559819619256,369,INTERACTION
CuAgSlJwl,milk_coffee,1.0,1559820502580,370,INTERACTION
M8TX69h8,milk_coffee,1.0,1559820546463,371,INTERACTION
D6F0qp7s7,cortado,1.0,1559820596364,372,INTERACTION
Vhpk5shpkk,decaffeinated,1.0,1559822245214,373,INTERACTION
IQtg13hB,expresso,1.0,1559822287639,374,INTERACTION
Vhpk5shpkk,capuccino decaffeinated,1.0,1559829014385,375,INTERACTION
d4guBrpB,cortado,1.0,1559835812955,376,INTERACTION
2qDLEBNv,long_coffee,1.0,1559887834924,377,INTERACTION
FmxgvxmU,cortado,1.0,1559887956305,378,INTERACTION
5pVcV5V,hazelnut_cappuccino,1.0,1559888947435,379,INTERACTION
gKUuuzg9,milk_coffee,1.0,1559889009653,380,INTERACTION
M8TX69h8,milk_coffee,1.0,1559890870225,381,INTERACTION
D6F0qp7s7,milk_coffee,1.0,1559892927282,382,INTERACTION
2qDLEBNv,long_coffee,1.0,1559896254363,383,INTERACTION
5pVcV5V,hazelnut_cappuccino,1.0,1559896640334,384,INTERACTION
gKUuuzg9,milk_coffee,1.0,1559896655451,385,INTERACTION
ymETMF4M4,capuccino,1.0,1559899883971,386,INTERACTION
Vhpk5shpkk,decaffeinated,1.0,1559914616908,387,INTERACTION
CuAgSlJwl,milk_coffee,1.0,1559978823043,388,INTERACTION
CuAgSlJwl,milk_coffee,1.0,1560071631356,389,INTERACTION
5pVcV5V,chocolate,1.0,1560148508494,390,INTERACTION
gKUuuzg9,milk_coffee,1.0,1560148604725,391,INTERACTION
2qDLEBNv,long_coffee,1.0,1560150463021,392,INTERACTION
M8TX69h8,milk_coffee,1.0,1560154119912,393,INTERACTION
5pVcV5V,hazelnut_cappuccino,1.0,1560156543580,394,INTERACTION
gKUuuzg9,milk_coffee,1.0,1560156581441,395,INTERACTION
CuAgSlJwl,milk_coffee,1.0,1560161267654,396,INTERACTION
gKUuuzg9,light_coffee,1.0,1560164478245,397,INTERACTION
5pVcV5V,hazelnut_cappuccino,1.0,1560164510850,398,INTERACTION
IQtg13hB,expresso,1.0,1560168442451,399,INTERACTION
5pVcV5V,hazelnut_cappuccino,1.0,1560233437974,400,INTERACTION
gKUuuzg9,milk_coffee,1.0,1560233460408,401,INTERACTION
2qDLEBNv,long_coffee,1.0,1560234289439,402,INTERACTION
CuAgSlJwl,milk_coffee,1.0,1560237650734,403,INTERACTION
Vhpk5shpkk,decaffeinated,1.0,1560239724963,404,INTERACTION
uhDooz5uD,milk_coffee,1.0,1560241234189,405,INTERACTION
IQtg13hB,expresso,1.0,1560242646188,406,INTERACTION
2qDLEBNv,chocolate,1.0,1560242708280,407,INTERACTION
FmxgvxmU,expresso,1.0,1560242728514,408,INTERACTION
gKUuuzg9,milk_coffee,1.0,1560243219332,409,INTERACTION
CuAgSlJwl,milk_coffee,1.0,1560243863241,410,INTERACTION
ymETMF4M4,capuccino,1.0,1560244899790,411,INTERACTION
5pVcV5V,hazelnut_cappuccino,1.0,1560250931839,412,INTERACTION
gKUuuzg9,milk_coffee,1.0,1560251015824,413,INTERACTION
IQtg13hB,expresso,1.0,1560254253576,414,INTERACTION
M8TX69h8,milk_coffee,1.0,1560256451826,415,INTERACTION
uhDooz5uD,milk_coffee,1.0,1560256489787,416,INTERACTION
5pVcV5V,chocolate,1.0,1560261981202,417,INTERACTION
gKUuuzg9,milk_coffee,1.0,1560262002340,418,INTERACTION
5pVcV5V,chocolate,1.0,1560320499364,419,INTERACTION
gKUuuzg9,milk_coffee,1.0,1560320524338,420,INTERACTION
qpzNDzybrsi,expresso,1.0,1560320805003,421,INTERACTION
2qDLEBNv,long_coffee,1.0,1560321094277,422,INTERACTION
IQtg13hB,expresso,1.0,1560326559644,423,INTERACTION
2qDLEBNv,hazelnut_cappuccino,1.0,1560328731552,424,INTERACTION
D6F0qp7s7,milk_coffee,1.0,1560330380973,425,INTERACTION
M8TX69h8,milk_coffee,1.0,1560330401157,426,INTERACTION
5pVcV5V,hazelnut_cappuccino,1.0,1560330602990,427,INTERACTION
gKUuuzg9,milk_coffee,1.0,1560330626962,428,INTERACTION
5pVcV5V,hazelnut_cappuccino,1.0,1560337492657,429,INTERACTION
qpzNDzybrsi,expresso,1.0,1560339182154,430,INTERACTION
2qDLEBNv,chocolate,1.0,1560340893506,431,INTERACTION
P5BAwzTfB,hazelnut_cappuccino,1.0,1560341883396,432,INTERACTION
Vhpk5shpkk,decaffeinated,1.0,1560343094133,433,INTERACTION
jb1CjU1HF,milk_coffee,1.0,1560348061887,434,INTERACTION
CuAgSlJwl,milk_coffee,1.0,1560403422988,435,INTERACTION
gKUuuzg9,milk_coffee,1.0,1560407485124,436,INTERACTION
93xlxT,chocolate,1.0,1560411889423,437,INTERACTION
D6F0qp7s7,milk_coffee,1.0,1560415052395,438,INTERACTION
5pVcV5V,hazelnut_cappuccino,1.0,1560416395848,439,INTERACTION
gKUuuzg9,milk_coffee,1.0,1560416428380,440,INTERACTION
ymETMF4M4,capuccino,1.0,1560416898314,441,INTERACTION
2qDLEBNv,long_coffee,1.0,1560417509535,442,INTERACTION
5pVcV5V,hazelnut_cappuccino,1.0,1560423851916,443,INTERACTION
gKUuuzg9,milk_coffee,1.0,1560423959137,444,INTERACTION
CuAgSlJwl,milk_coffee,1.0,1560424691735,445,INTERACTION
Vhpk5shpkk,decaffeinated,1.0,1560426846340,446,INTERACTION
FmxgvxmU,cortado,1.0,1560430146879,447,INTERACTION
Vhpk5shpkk,arabiar tea,1.0,1560433946419,448,INTERACTION
ymETMF4M4,long_coffee,1.0,1560434662747,449,INTERACTION
CkfZksM2rBrL,cortado,1.0,1560435840128,450,INTERACTION
jb1CjU1HF,chocolate,1.0,1560438807392,451,INTERACTION
qpzNDzybrsi,expresso,1.0,1560438839817,452,INTERACTION
5pVcV5V,hazelnut_cappuccino,1.0,1560493470284,453,INTERACTION
gKUuuzg9,milk_coffee,1.0,1560493500722,454,INTERACTION
CuAgSlJwl,milk_coffee,1.0,1560493916297,455,INTERACTION
D6F0qp7s7,milk_coffee,1.0,1560496729064,456,INTERACTION
5pVcV5V,hazelnut_cappuccino,1.0,1560502837523,457,INTERACTION
gKUuuzg9,milk_coffee,1.0,1560502838244,458,INTERACTION
93xlxT,chocolate,1.0,1560503662046,459,INTERACTION
qpzNDzybrsi,expresso,1.0,1560505511381,460,INTERACTION
IQtg13hB,expresso,1.0,1560513097524,461,INTERACTION
Vhpk5shpkk,decaffeinated,1.0,1560513152843,462,INTERACTION
P5BAwzTfB,hazelnut_cappuccino,1.0,1560513707383,463,INTERACTION
Vhpk5shpkk,arabiar tea,1.0,1560521686595,464,INTERACTION
CuAgSlJwl,milk_coffee,1.0,1560602996081,465,INTERACTION
gKUuuzg9,milk_coffee,1.0,1560752373539,466,INTERACTION
5pVcV5V,chocolate,1.0,1560752402290,467,INTERACTION
2qDLEBNv,long_coffee,1.0,1560752935601,468,INTERACTION
5pVcV5V,hazelnut_cappuccino,1.0,1560761137868,469,INTERACTION
gKUuuzg9,milk_coffee,1.0,1560761229864,470,INTERACTION
2qDLEBNv,chocolate,1.0,1560762298557,471,INTERACTION
Vhpk5shpkk,decaffeinated,1.0,1560764557836,472,INTERACTION
5pVcV5V,hazelnut_cappuccino,1.0,1560770009962,473,INTERACTION
gKUuuzg9,milk_coffee,1.0,1560770034553,474,INTERACTION
CuAgSlJwl,milk_coffee,1.0,1560771525008,475,INTERACTION
TRFKSXv,expresso,1.0,1560787241249,476,INTERACTION
5pVcV5V,chocolate,1.0,1560839458498,478,INTERACTION
gKUuuzg9,milk_coffee,1.0,1560839488748,479,INTERACTION
2qDLEBNv,milk_coffee,1.0,1560839920215,480,INTERACTION
qpzNDzybrsi,expresso,1.0,1560839947488,481,INTERACTION
IQtg13hB,expresso,1.0,1560845976626,482,INTERACTION
D6F0qp7s7,milk_coffee,1.0,1560847862890,483,INTERACTION
5pVcV5V,hazelnut_cappuccino,1.0,1560857244024,484,INTERACTION
gKUuuzg9,milk_coffee,1.0,1560857277092,485,INTERACTION
CuAgSlJwl,milk_coffee,1.0,1560858810162,486,INTERACTION
P5BAwzTfB,hazelnut_cappuccino,1.0,1560858812505,487,INTERACTION
5pVcV5V,chocolate,1.0,1560925017221,488,INTERACTION
CuAgSlJwl,milk_coffee,1.0,1560926729991,489,INTERACTION
93xlxT,chocolate,1.0,1560930258939,490,INTERACTION
M8TX69h8,milk_coffee,1.0,1560932060830,491,INTERACTION
5pVcV5V,hazelnut_cappuccino,1.0,1560935047508,492,INTERACTION
gKUuuzg9,milk_coffee,1.0,1560935086113,493,INTERACTION
P5BAwzTfB,txokolate white,1.0,1560936453498,494,INTERACTION
CuAgSlJwl,milk_coffee,1.0,1560938866010,495,INTERACTION
5pVcV5V,hazelnut_cappuccino,1.0,1560942659470,496,INTERACTION
gKUuuzg9,milk_coffee,1.0,1560942751570,497,INTERACTION
Vhpk5shpkk,decaffeinated,1.0,1560951214228,498,INTERACTION
IQtg13hB,expresso,1.0,1560957815395,499,INTERACTION
gKUuuzg9,milk_coffee,1.0,1561011805053,500,INTERACTION
5pVcV5V,hazelnut_cappuccino,1.0,1561011828736,501,INTERACTION
D6F0qp7s7,milk_coffee,1.0,1561018201844,502,INTERACTION
M8TX69h8,milk_coffee,1.0,1561018252937,503,INTERACTION
ymETMF4M4,capuccino,1.0,1561019513217,504,INTERACTION
jb1CjU1HF,milk_coffee,1.0,1561029564703,505,INTERACTION
qpzNDzybrsi,expresso,1.0,1561029593100,506,INTERACTION
IQtg13hB,expresso,1.0,1561032425783,507,INTERACTION
Vhpk5shpkk,decaffeinated,1.0,1561034376881,508,INTERACTION
gKUuuzg9,milk_coffee,1.0,1561097850651,509,INTERACTION
5pVcV5V,chocolate,1.0,1561097852524,510,INTERACTION
Vhpk5shpkk,expresso,1.0,1561101750109,511,INTERACTION
M8TX69h8,milk_coffee,1.0,1561104189763,512,INTERACTION
D6F0qp7s7,milk_coffee,1.0,1561104204083,513,INTERACTION
IQtg13hB,expresso,1.0,1561105304731,514,INTERACTION
5pVcV5V,hazelnut_cappuccino,1.0,1561107643580,515,INTERACTION
qpzNDzybrsi,expresso,1.0,1561107655417,516,INTERACTION
CuAgSlJwl,milk_coffee,1.0,1561116184002,517,INTERACTION
2qDLEBNv,milk_coffee,1.0,1561116621683,518,INTERACTION
CuAgSlJwl,milk_coffee,1.0,1561121859754,519,INTERACTION
CuAgSlJwl,milk_coffee,1.0,1561447263191,520,INTERACTION
FmxgvxmU,cortado,1.0,1561454797658,521,INTERACTION
5pVcV5V,hazelnut_cappuccino,1.0,1561615300904,522,INTERACTION
gKUuuzg9,milk_coffee,1.0,1561615326199,523,INTERACTION
FmxgvxmU,milk_coffee,1.0,1561618746131,524,INTERACTION
IQtg13hB,expresso,1.0,1561618954330,525,INTERACTION
D6F0qp7s7,milk_coffee,1.0,1561623068568,526,INTERACTION
5pVcV5V,hazelnut_cappuccino,1.0,1561626113868,527,INTERACTION
FmxgvxmU,cortado,1.0,1561626142201,528,INTERACTION
P5BAwzTfB,hazelnut_cappuccino,1.0,1561634615253,529,INTERACTION
gKUuuzg9,milk_coffee,1.0,1561635139170,530,INTERACTION
Vhpk5shpkk,capuccino,1.0,1561646972712,531,INTERACTION
5pVcV5V,chocolate,1.0,1561702810888,532,INTERACTION
gKUuuzg9,milk_coffee,1.0,1561702833157,533,INTERACTION
CuAgSlJwl,milk_coffee,1.0,1561704809206,534,INTERACTION
M8TX69h8,milk_coffee,1.0,1561707631697,535,INTERACTION
D6F0qp7s7,milk_coffee,1.0,1561707652232,536,INTERACTION
5pVcV5V,hazelnut_cappuccino,1.0,1561712136274,537,INTERACTION
gKUuuzg9,milk_coffee,1.0,1561712656343,538,INTERACTION
CuAgSlJwl,milk_coffee,1.0,1561722699870,539,INTERACTION
Vhpk5shpkk,decaffeinated,1.0,1561728415633,540,INTERACTION
CuAgSlJwl,milk_coffee,1.0,1561877753316,541,INTERACTION
CuAgSlJwl,milk_coffee,1.0,1561962735738,542,INTERACTION
5pVcV5V,chocolate,1.0,1561963961028,543,INTERACTION
gKUuuzg9,milk_coffee,1.0,1561963986474,544,INTERACTION
IQtg13hB,expresso,1.0,1561969002997,545,INTERACTION
gKUuuzg9,milk_coffee,1.0,1561970392313,546,INTERACTION
5pVcV5V,hazelnut_cappuccino,1.0,1561971025571,547,INTERACTION
FmxgvxmU,cortado,1.0,1561972114957,548,INTERACTION
93xlxT,chocolate,1.0,1561975009373,549,INTERACTION
gKUuuzg9,milk_coffee,1.0,1561980001187,550,INTERACTION
5pVcV5V,hazelnut_cappuccino,1.0,1561980023109,551,INTERACTION
CkfZksM2rBrL,cortado,1.0,1561980641966,552,INTERACTION
IQtg13hB,expresso,1.0,1561982141135,553,INTERACTION
Vhpk5shpkk,decaffeinated,1.0,1561988655191,554,INTERACTION
5pVcV5V,chocolate,1.0,1561991688034,555,INTERACTION
5pVcV5V,chocolate,1.0,1562048846405,556,INTERACTION
gKUuuzg9,milk_coffee,1.0,1562048865793,557,INTERACTION
CuAgSlJwl,milk_coffee,1.0,1562057402719,558,INTERACTION
5pVcV5V,hazelnut_cappuccino,1.0,1562058229593,559,INTERACTION
5pVcV5V,hazelnut_cappuccino,1.0,1562066328403,560,INTERACTION
gKUuuzg9,milk_coffee,1.0,1562066353102,561,INTERACTION
CuAgSlJwl,milk_coffee,1.0,1562066531768,562,INTERACTION
D6F0qp7s7,milk_coffee,1.0,1562143751783,564,INTERACTION
IQtg13hB,expresso,1.0,1562154658835,565,INTERACTION
D6F0qp7s7,cortado,1.0,1562157822730,566,INTERACTION
ymETMF4M4,capuccino,1.0,1562159111379,567,INTERACTION
Vhpk5shpkk,expresso,1.0,1562159182391,568,INTERACTION
93xlxT,chocolate,1.0,1562168342783,569,INTERACTION
5pVcV5V,chocolate,1.0,1562220572925,570,INTERACTION
gKUuuzg9,milk_coffee,1.0,1562220574631,571,INTERACTION
D6F0qp7s7,milk_coffee,1.0,1562225447210,572,INTERACTION
M8TX69h8,milk_coffee,1.0,1562225719144,573,INTERACTION
FmxgvxmU,cortado,1.0,1562226633925,574,INTERACTION
gKUuuzg9,milk_coffee,1.0,1562229072236,575,INTERACTION
P5BAwzTfB,hazelnut_cappuccino,1.0,1562230515650,576,INTERACTION
ymETMF4M4,capuccino,1.0,1562231396113,577,INTERACTION
d4guBrpB,cortado,1.0,1562231551705,578,INTERACTION
FmxgvxmU,cortado,1.0,1562231563604,579,INTERACTION
CuAgSlJwl,milk_coffee,1.0,1562233188774,580,INTERACTION
93xlxT,chocolate,1.0,1562234495390,581,INTERACTION
P5BAwzTfB,hazelnut_cappuccino,1.0,1562239767017,582,INTERACTION
CuAgSlJwl,milk_coffee,1.0,1562239793020,583,INTERACTION
93xlxT,chocolate,1.0,1562571598000,584,INTERACTION
FmxgvxmU,cortado,1.0,1562571754250,585,INTERACTION
D6F0qp7s7,milk_coffee,1.0,1562572394797,586,INTERACTION
CuAgSlJwl,milk_coffee,1.0,1562577285973,587,INTERACTION
qpzNDzybrsi,expresso,1.0,1562586125008,588,INTERACTION
2qDLEBNv,long_coffee,1.0,1562586127123,589,INTERACTION
M8TX69h8,milk_coffee,1.0,1562586679986,590,INTERACTION
D6F0qp7s7,cortado,1.0,1562586737230,591,INTERACTION
FmxgvxmU,cortado,1.0,1562587618731,592,INTERACTION
gKUuuzg9,milk_coffee,1.0,1562653345615,593,INTERACTION
5pVcV5V,chocolate,1.0,1562653363820,594,INTERACTION
D6F0qp7s7,milk_coffee,1.0,1562661804419,595,INTERACTION
5pVcV5V,hazelnut_cappuccino,1.0,1562662828721,596,INTERACTION
5pVcV5V,hazelnut_cappuccino,1.0,1562670965954,597,INTERACTION
D6F0qp7s7,chocolate_milk,1.0,1562676023566,598,INTERACTION
Vhpk5shpkk,hazelnut_cappuccino,1.0,1562677783431,599,INTERACTION
D6F0qp7s7,milk_coffee,1.0,1562744881136,600,INTERACTION
IQtg13hB,expresso,1.0,1562746723945,601,INTERACTION
OJwzAJ33l,long_coffee,1.0,1562746827787,602,INTERACTION
P5BAwzTfB,capuccino,1.0,1562750023553,603,INTERACTION
Vhpk5shpkk,arabiar tea,1.0,1562750602543,604,INTERACTION
gKUuuzg9,milk_coffee,1.0,1562756745986,605,INTERACTION
5pVcV5V,hazelnut_cappuccino,1.0,1562756860835,606,INTERACTION
D6F0qp7s7,chocolate_milk,1.0,1562762593313,607,INTERACTION
CuAgSlJwl,milk_coffee,1.0,1562765687726,608,INTERACTION
D6F0qp7s7,milk_coffee,1.0,1562831676528,609,INTERACTION
CuAgSlJwl,milk_coffee,1.0,1562843392823,610,INTERACTION
P5BAwzTfB,capuccino,1.0,1562843404951,611,INTERACTION
M8TX69h8,milk_coffee,1.0,1562844506732,612,INTERACTION
D6F0qp7s7,cortado,1.0,1562844534771,613,INTERACTION
gKUuuzg9,milk_coffee,1.0,1562912887233,614,INTERACTION
FmxgvxmU,cortado,1.0,1562922520200,615,INTERACTION
CuAgSlJwl,milk_coffee,1.0,1562932242467,616,INTERACTION
Vhpk5shpkk,decaffeinated,1.0,1562937657195,617,INTERACTION
CuAgSlJwl,milk_coffee,1.0,1563087790602,618,INTERACTION
qpzNDzybrsi,expresso,1.0,1563173183505,619,INTERACTION
CuAgSlJwl,milk_coffee,1.0,1563176032630,620,INTERACTION
qpzNDzybrsi,expresso,1.0,1563183005060,621,INTERACTION
CuAgSlJwl,milk_coffee,1.0,1563193096491,622,INTERACTION
CuAgSlJwl,milk_coffee,1.0,1563255132403,623,INTERACTION
D6F0qp7s7,milk_coffee,1.0,1563263595629,624,INTERACTION
Vhpk5shpkk,decaffeinated,1.0,1563266970928,625,INTERACTION
d4guBrpB,cortado decaffeinated,1.0,1563268549794,626,INTERACTION
CuAgSlJwl,milk_coffee,1.0,1563352206844,627,INTERACTION
93xlxT,chocolate,1.0,1563357314856,628,INTERACTION
Vhpk5shpkk,decaffeinated,1.0,1563364690678,629,INTERACTION
ymETMF4M4,capuccino,1.0,1563458926589,630,INTERACTION
ymETMF4M4,capuccino,1.0,1563543007007,631,INTERACTION
CuAgSlJwl,milk_coffee,1.0,1563603708665,632,INTERACTION
CuAgSlJwl,milk_coffee,1.0,1563612069259,633,INTERACTION
D6F0qp7s7,milk_coffee,1.0,1563787375035,634,INTERACTION
FmxgvxmU,cortado,1.0,1563878455539,635,INTERACTION
Vhpk5shpkk,arabiar tea,1.0,1563886987223,636,INTERACTION
FmxgvxmU,cortado,1.0,1563958016116,637,INTERACTION
CuAgSlJwl,milk_coffee,1.0,1563958041082,638,INTERACTION
Vhpk5shpkk,decaffeinated,1.0,1563970206316,639,INTERACTION
93xlxT,chocolate,1.0,1564475410809,640,INTERACTION
FmxgvxmU,cortado,1.0,1567673136585,641,INTERACTION
93xlxT,chocolate,1.0,1567673243990,642,INTERACTION
93xlxT,chocolate,1.0,1567700113549,643,INTERACTION
93xlxT,chocolate,1.0,1568818245291,644,INTERACTION
93xlxT,chocolate,1.0,1569509751991,645,INTERACTION
93xlxT,chocolate,1.0,1570460024448,646,INTERACTION
FmxgvxmU,cortado,1.0,1570610688889,647,INTERACTION
93xlxT,chocolate,1.0,1570610713512,648,INTERACTION
FmxgvxmU,chocolate,1.0,1571068010514,649,INTERACTION
FmxgvxmU,cortado,1.0,1571128807117,650,INTERACTION
FmxgvxmU,cortado,1.0,1571135194334,651,INTERACTION
FmxgvxmU,cortado,1.0,1571724542716,652,INTERACTION
2qDLEBNv,milk_coffee,1.0,1571724561878,653,INTERACTION
5pVcV5V,milk_coffee,1.0,1571724654341,654,INTERACTION
2qDLEBNv,expresso,1.0,1571745110900,655,INTERACTION
2qDLEBNv,expresso,1.0,1571745259515,656,INTERACTION
2qDLEBNv,expresso,1.0,1571745275067,657,INTERACTION
93xlxT,chocolate,1.0,1571841252273,658,INTERACTION
2qDLEBNv,milk_coffee,1.0,1572353199267,659,INTERACTION
FmxgvxmU,cortado,1.0,1572353223993,660,INTERACTION
93xlxT,chocolate,1.0,1573060211697,661,INTERACTION
93xlxT,chocolate,1.0,1573141436584,662,INTERACTION
93xlxT,chocolate,1.0,1573635710307,663,INTERACTION
93xlxT,chocolate,1.0,1574161362243,664,INTERACTION
d4guBrpB,expresso,1.0,1576070154615,665,INTERACTION
93xlxT,expresso,1.0,1576159099707,666,INTERACTION
93xlxT,chocolate,1.0,1576499184992,667,INTERACTION
FmxgvxmU,expresso,1.0,1578901378433,668,INTERACTION
d4guBrpB,capuccino,1.0,1579013058781,669,INTERACTION
FmxgvxmU,expresso,1.0,1579180467072,670,INTERACTION
d4guBrpB,expresso,1.0,1579180723589,671,INTERACTION
FmxgvxmU,cortado,1.0,1579183465802,672,INTERACTION
93xlxT,hazelnut_cappuccino,1.0,1579185269856,673,INTERACTION
D6F0qp7s7,cortado,1.0,1579528814853,674,INTERACTION
FmxgvxmU,cortado,1.0,1579534977409,675,INTERACTION
FmxgvxmU,cortado,1.0,1579611364821,676,INTERACTION
D6F0qp7s7,milk_coffee,1.0,1579687426923,677,INTERACTION
D6F0qp7s7,cortado,1.0,1579702544262,678,INTERACTION
FmxgvxmU,cortado,1.0,1579870444343,679,INTERACTION
d4guBrpB,cortado,1.0,1579874040399,680,INTERACTION
FmxgvxmU,cortado,1.0,1579874163742,681,INTERACTION
D6F0qp7s7,cortado,1.0,1579874460949,682,INTERACTION
FmxgvxmU,milk_coffee,1.0,1580106703817,683,INTERACTION
FmxgvxmU,cortado,1.0,1580121502353,684,INTERACTION
FmxgvxmU,cortado,1.0,1580128800621,685,INTERACTION
D6F0qp7s7,milk_coffee,1.0,1580133980133,686,INTERACTION
93xlxT,hazelnut_cappuccino,1.0,1580135442575,687,INTERACTION
D6F0qp7s7,milk_coffee,1.0,1580203705853,688,INTERACTION
D6F0qp7s7,cortado,1.0,1580221076398,689,INTERACTION
93xlxT,chocolate,1.0,1580223939169,690,INTERACTION
D6F0qp7s7,milk_coffee,1.0,1580288247176,691,INTERACTION
D6F0qp7s7,milk_coffee,1.0,1580375223876,692,INTERACTION
D6F0qp7s7,cortado,1.0,1580390412242,693,INTERACTION
FmxgvxmU,cortado,1.0,1580454506871,694,INTERACTION
FmxgvxmU,cortado,1.0,1580464920936,695,INTERACTION
5pVcV5V,hazelnut_cappuccino,1.0,1580464969355,696,INTERACTION
FmxgvxmU,cortado,1.0,1580477217456,697,INTERACTION
CuAgSlJwl,milk_coffee,1.0,1580477280531,698,INTERACTION
CuAgSlJwl,milk_coffee,1.0,1580549039943,699,INTERACTION
CuAgSlJwl,milk_coffee,1.0,1580628865179,700,INTERACTION
CuAgSlJwl,milk_coffee,1.0,1580712295542,701,INTERACTION
anH4HDH,capuccino,1.0,1580722159460,702,INTERACTION
D6F0qp7s7,milk_coffee,1.0,1580722836842,703,INTERACTION
FmxgvxmU,cortado,1.0,1580722906449,704,INTERACTION
5pVcV5V,hazelnut_cappuccino,1.0,1580724066250,705,INTERACTION
gKUuuzg9,milk_coffee,1.0,1580724098164,706,INTERACTION
0WFqeFiPx3K,capuccino decaffeinated,1.0,1580736112813,707,INTERACTION
FHZemZ,capuccino,1.0,1580736371367,708,INTERACTION
oS7WZT0,milk_coffee,1.0,1580736375122,709,INTERACTION
D6F0qp7s7,cortado,1.0,1580736379349,710,INTERACTION
FmxgvxmU,cortado,1.0,1580736526028,711,INTERACTION
anH4HDH,capuccino,1.0,1580737043871,712,INTERACTION
anH4HDH,expresso,1.0,1580741309118,713,INTERACTION
anH4HDH,expresso,1.0,1580741328295,714,INTERACTION
oS7WZT0,milk_coffee,1.0,1580743122608,715,INTERACTION
FHZemZ,milk_coffee,1.0,1580743404176,716,INTERACTION
5pVcV5V,chocolate,1.0,1580806850753,717,INTERACTION
D6F0qp7s7,milk_coffee,1.0,1580807520623,718,INTERACTION
anH4HDH,capuccino,1.0,1580807535186,719,INTERACTION
FHZemZ,capuccino,1.0,1580809633679,720,INTERACTION
oS7WZT0,milk_coffee,1.0,1580809651141,721,INTERACTION
5pVcV5V,hazelnut_cappuccino,1.0,1580810039005,722,INTERACTION
CuAgSlJwl,milk_coffee,1.0,1580810433076,723,INTERACTION
gKUuuzg9,milk_coffee,1.0,1580810776040,724,INTERACTION
5pVcV5V,hazelnut_cappuccino,1.0,1580819804330,725,INTERACTION
oS7WZT0,milk_coffee,1.0,1580819814597,726,INTERACTION
FHZemZ,milk_coffee,1.0,1580819834521,727,INTERACTION
FHZemZ,capuccino,1.0,1580827870622,728,INTERACTION
oS7WZT0,milk_coffee,1.0,1580827886395,729,INTERACTION
d4guBrpB,cortado,1.0,1580828952562,730,INTERACTION
93xlxT,chocolate,1.0,1580830416023,731,INTERACTION
CuAgSlJwl,milk_coffee,1.0,1580883787871,732,INTERACTION
FmxgvxmU,cortado,1.0,1580894455095,733,INTERACTION
D6F0qp7s7,milk_coffee,1.0,1580894754793,734,INTERACTION
anH4HDH,capuccino,1.0,1580894765564,735,INTERACTION
oS7WZT0,milk_coffee,1.0,1580896084055,736,INTERACTION
5pVcV5V,chocolate,1.0,1580897274354,737,INTERACTION
FmxgvxmU,cortado,1.0,1580899210721,738,INTERACTION
5pVcV5V,chocolate,1.0,1580902517496,739,INTERACTION
oS7WZT0,milk_coffee,1.0,1580906313196,740,INTERACTION
FmxgvxmU,cortado,1.0,1580908136870,741,INTERACTION
D6F0qp7s7,cortado,1.0,1580910656205,742,INTERACTION
oS7WZT0,milk_coffee,1.0,1580914742036,743,INTERACTION
FHZemZ,capuccino,1.0,1580914745002,744,INTERACTION
d4guBrpB,cortado,1.0,1580916284720,745,INTERACTION
5pVcV5V,hazelnut_cappuccino,1.0,1580973168756,746,INTERACTION
D6F0qp7s7,milk_coffee,1.0,1580979696953,747,INTERACTION
anH4HDH,capuccino,1.0,1580979710327,748,INTERACTION
FmxgvxmU,cortado,1.0,1580981599891,749,INTERACTION
FmxgvxmU,cortado,1.0,1580981632765,750,INTERACTION
uhDooz5uD,expresso,1.0,1580981711004,751,INTERACTION
oS7WZT0,milk_coffee,1.0,1580982070705,752,INTERACTION
FHZemZ,capuccino,1.0,1580982573169,753,INTERACTION
5pVcV5V,hazelnut_cappuccino,1.0,1580983052513,754,INTERACTION
5pVcV5V,hazelnut_cappuccino,1.0,1580990747319,755,INTERACTION
D6F0qp7s7,cortado,1.0,1580994933602,756,INTERACTION
oS7WZT0,milk_coffee,1.0,1580995469034,757,INTERACTION
FHZemZ,capuccino,1.0,1580995506317,758,INTERACTION
FmxgvxmU,cortado,1.0,1580996026454,759,INTERACTION
93xlxT,chocolate,1.0,1581001393330,760,INTERACTION
FHZemZ,capuccino,1.0,1581001731477,761,INTERACTION
oS7WZT0,milk_coffee,1.0,1581001805575,762,INTERACTION
5pVcV5V,hazelnut_cappuccino,1.0,1581058403333,763,INTERACTION
5pVcV5V,hazelnut_cappuccino,1.0,1581068783215,764,INTERACTION
oS7WZT0,milk_coffee,1.0,1581069093526,765,INTERACTION
FHZemZ,capuccino,1.0,1581069910958,766,INTERACTION
oS7WZT0,milk_coffee,1.0,1581078135780,767,INTERACTION
FHZemZ,capuccino,1.0,1581078163895,768,INTERACTION
oS7WZT0,milk_coffee,1.0,1581087382387,769,INTERACTION
FHZemZ,capuccino,1.0,1581087432641,770,INTERACTION
5pVcV5V,hazelnut_cappuccino,1.0,1581318620741,771,INTERACTION
FmxgvxmU,cortado,1.0,1581323667924,772,INTERACTION
oS7WZT0,milk_coffee,1.0,1581327858485,773,INTERACTION
FHZemZ,capuccino,1.0,1581327880887,774,INTERACTION
d4guBrpB,cortado,1.0,1581328683138,775,INTERACTION
FmxgvxmU,cortado,1.0,1581331734635,776,INTERACTION
5pVcV5V,hazelnut_cappuccino,1.0,1581336755457,777,INTERACTION
gKUuuzg9,milk_coffee,1.0,1581336956057,778,INTERACTION
FHZemZ,capuccino,1.0,1581337294229,779,INTERACTION
oS7WZT0,milk_coffee,1.0,1581337308701,780,INTERACTION
2qDLEBNv,long_coffee,1.0,1581338233538,781,INTERACTION
anH4HDH,capuccino,1.0,1581342630765,782,INTERACTION
D6F0qp7s7,cortado,1.0,1581342635941,783,INTERACTION
oS7WZT0,milk_coffee,1.0,1581346776027,784,INTERACTION
2qDLEBNv,long_coffee,1.0,1581408055261,785,INTERACTION
FmxgvxmU,cortado,1.0,1581409992282,786,INTERACTION
d4guBrpB,cortado,1.0,1581411296220,787,INTERACTION
5pVcV5V,chocolate,1.0,1581412858353,788,INTERACTION
CuAgSlJwl,milk_coffee,1.0,1581416162623,789,INTERACTION
gKUuuzg9,milk_coffee,1.0,1581492331000,790,INTERACTION
CuAgSlJwl,milk_coffee,1.0,1581495246000,791,INTERACTION
5pVcV5V,hazelnut_cappuccino,1.0,1581498203000,792,INTERACTION
93xlxT,chocolate,1.0,1581501255000,793,INTERACTION
d4guBrpB,cortado,1.0,1581502000000,794,INTERACTION
FmxgvxmU,cortado,1.0,1581513673000,795,INTERACTION
D6F0qp7s7,cortado,1.0,1581515496000,796,INTERACTION
CuAgSlJwl,milk_coffee,1.0,1581573734000,797,INTERACTION
gKUuuzg9,milk_coffee,1.0,1581577827000,798,INTERACTION
5pVcV5V,hazelnut_cappuccino,1.0,1581586930000,799,INTERACTION
d4guBrpB,cortado,1.0,1581588221000,800,INTERACTION
FmxgvxmU,cortado,1.0,1581600802000,801,INTERACTION
D6F0qp7s7,cortado,1.0,1581601600000,802,INTERACTION
93xlxT,chocolate,1.0,1581609312000,803,INTERACTION
CuAgSlJwl,cortado,1.0,1581670266000,804,INTERACTION
d4guBrpB,cortado decaffeinated,1.0,1581672003000,805,INTERACTION
gKUuuzg9,chocolate,1.0,1581673161000,806,INTERACTION
5pVcV5V,chocolate,1.0,1581673635000,807,INTERACTION
FmxgvxmU,cortado,1.0,1581686406000,808,INTERACTION
D6F0qp7s7,cortado,1.0,1581686799000,809,INTERACTION
93xlxT,cortado decaffeinated,1.0,1581694585000,810,INTERACTION
5pVcV5V,hazelnut_cappuccino,1.0,1581923931000,811,INTERACTION
gKUuuzg9,milk_coffee,1.0,1581924066000,812,INTERACTION
d4guBrpB,cortado,1.0,1581933300000,813,INTERACTION
CuAgSlJwl,milk_coffee,1.0,1581937973000,814,INTERACTION
FmxgvxmU,cortado,1.0,1581938726000,815,INTERACTION
D6F0qp7s7,cortado,1.0,1581949793000,816,INTERACTION
93xlxT,chocolate,1.0,1581954636000,817,INTERACTION
CuAgSlJwl,milk_coffee,1.0,1582013291000,818,INTERACTION
gKUuuzg9,milk_coffee,1.0,1582018701000,819,INTERACTION
5pVcV5V,hazelnut_cappuccino,1.0,1582023869000,820,INTERACTION
FmxgvxmU,cortado,1.0,1582026154000,821,INTERACTION
D6F0qp7s7,cortado,1.0,1582036485000,822,INTERACTION
93xlxT,chocolate,1.0,1582040489000,823,INTERACTION
d4guBrpB,cortado,1.0,1582043798000,824,INTERACTION
FmxgvxmU,cortado,1.0,1582096763000,825,INTERACTION
CuAgSlJwl,cortado,1.0,1582102150000,826,INTERACTION
d4guBrpB,cortado decaffeinated,1.0,1582103721000,827,INTERACTION
93xlxT,cortado decaffeinated,1.0,1582106163000,828,INTERACTION
gKUuuzg9,chocolate,1.0,1582114186000,829,INTERACTION
D6F0qp7s7,cortado,1.0,1582118996000,830,INTERACTION
5pVcV5V,chocolate,1.0,1582119122000,831,INTERACTION
gKUuuzg9,milk_coffee,1.0,1582189227000,832,INTERACTION
d4guBrpB,cortado,1.0,1582190359000,833,INTERACTION
FmxgvxmU,cortado,1.0,1582191862000,834,INTERACTION
CuAgSlJwl,milk_coffee,1.0,1582198019000,835,INTERACTION
5pVcV5V,hazelnut_cappuccino,1.0,1582204326000,836,INTERACTION
D6F0qp7s7,cortado,1.0,1582206034000,837,INTERACTION
93xlxT,chocolate,1.0,1582213157000,838,INTERACTION
CuAgSlJwl,milk_coffee,1.0,1582267869000,839,INTERACTION
d4guBrpB,cortado,1.0,1582275663000,840,INTERACTION
gKUuuzg9,milk_coffee,1.0,1582277728000,841,INTERACTION
93xlxT,chocolate,1.0,1582277775000,842,INTERACTION
5pVcV5V,hazelnut_cappuccino,1.0,1582277949000,843,INTERACTION
FmxgvxmU,cortado,1.0,1582284343000,844,INTERACTION
D6F0qp7s7,cortado,1.0,1582289629000,845,INTERACTION
gKUuuzg9,chocolate,1.0,1582527740000,846,INTERACTION
5pVcV5V,chocolate,1.0,1582529451000,847,INTERACTION
CuAgSlJwl,cortado,1.0,1582534707000,848,INTERACTION
FmxgvxmU,cortado,1.0,1582538253000,849,INTERACTION
d4guBrpB,cortado decaffeinated,1.0,1582539040000,850,INTERACTION
D6F0qp7s7,cortado,1.0,1582553743000,851,INTERACTION
93xlxT,cortado decaffeinated,1.0,1582559599000,852,INTERACTION
gKUuuzg9,milk_coffee,1.0,1582614493000,853,INTERACTION
FmxgvxmU,cortado,1.0,1582614914000,854,INTERACTION
d4guBrpB,cortado,1.0,1582625135000,855,INTERACTION
CuAgSlJwl,milk_coffee,1.0,1582628699000,856,INTERACTION
5pVcV5V,hazelnut_cappuccino,1.0,1582628832000,857,INTERACTION
D6F0qp7s7,cortado,1.0,1582637369000,858,INTERACTION
93xlxT,chocolate,1.0,1582645172000,859,INTERACTION
gKUuuzg9,milk_coffee,1.0,1582700716000,860,INTERACTION
FmxgvxmU,cortado,1.0,1582701847000,861,INTERACTION
CuAgSlJwl,milk_coffee,1.0,1582704731000,862,INTERACTION
5pVcV5V,hazelnut_cappuccino,1.0,1582710846000,863,INTERACTION
D6F0qp7s7,cortado,1.0,1582726620000,864,INTERACTION
93xlxT,chocolate,1.0,1582729299000,865,INTERACTION
d4guBrpB,cortado,1.0,1582734090000,866,INTERACTION
CuAgSlJwl,cortado,1.0,1582783231000,867,INTERACTION
93xlxT,cortado decaffeinated,1.0,1582796832000,868,INTERACTION
gKUuuzg9,chocolate,1.0,1582805456000,869,INTERACTION
FmxgvxmU,cortado,1.0,1582808770000,870,INTERACTION
5pVcV5V,chocolate,1.0,1582809710000,871,INTERACTION
D6F0qp7s7,cortado,1.0,1582812941000,872,INTERACTION
d4guBrpB,cortado decaffeinated,1.0,1582821271000,873,INTERACTION
CuAgSlJwl,milk_coffee,1.0,1582872743000,874,INTERACTION
gKUuuzg9,milk_coffee,1.0,1582874191000,875,INTERACTION
d4guBrpB,cortado,1.0,1582881012000,876,INTERACTION
93xlxT,chocolate,1.0,1582882452000,877,INTERACTION
FmxgvxmU,cortado,1.0,1582890575000,878,INTERACTION
5pVcV5V,hazelnut_cappuccino,1.0,1582895162000,879,INTERACTION
D6F0qp7s7,cortado,1.0,1582898819000,880,INTERACTION
93xlxT,chocolate,1.0,1582968915000,881,INTERACTION
d4guBrpB,cortado,1.0,1582970491000,882,INTERACTION
CuAgSlJwl,milk_coffee,1.0,1582975189000,883,INTERACTION
gKUuuzg9,milk_coffee,1.0,1582978117000,884,INTERACTION
D6F0qp7s7,cortado,1.0,1582980827000,885,INTERACTION
FmxgvxmU,cortado,1.0,1582982245000,886,INTERACTION
5pVcV5V,hazelnut_cappuccino,1.0,1582982332000,887,INTERACTION
CuAgSlJwl,cortado,1.0,1583131986000,888,INTERACTION
5pVcV5V,chocolate,1.0,1583133704000,889,INTERACTION
gKUuuzg9,chocolate,1.0,1583142814000,890,INTERACTION
FmxgvxmU,cortado,1.0,1583142816000,891,INTERACTION
93xlxT,cortado decaffeinated,1.0,1583142902000,892,INTERACTION
d4guBrpB,cortado decaffeinated,1.0,1583143342000,893,INTERACTION
D6F0qp7s7,cortado,1.0,1583159698000,894,INTERACTION
CuAgSlJwl,milk_coffee,1.0,1583218266000,895,INTERACTION
5pVcV5V,hazelnut_cappuccino,1.0,1583220291000,896,INTERACTION
FmxgvxmU,cortado,1.0,1583220606000,897,INTERACTION
gKUuuzg9,milk_coffee,1.0,1583238757000,898,INTERACTION
D6F0qp7s7,cortado,1.0,1583242532000,899,INTERACTION
93xlxT,chocolate,1.0,1583250876000,900,INTERACTION
d4guBrpB,cortado,1.0,1583253197000,901,INTERACTION
CuAgSlJwl,milk_coffee,1.0,1583301932000,902,INTERACTION
FmxgvxmU,cortado,1.0,1583306239000,903,INTERACTION
5pVcV5V,hazelnut_cappuccino,1.0,1583312725000,904,INTERACTION
93xlxT,chocolate,1.0,1583314455000,905,INTERACTION
gKUuuzg9,milk_coffee,1.0,1583315075000,906,INTERACTION
D6F0qp7s7,cortado,1.0,1583331061000,907,INTERACTION
d4guBrpB,cortado,1.0,1583338518000,908,INTERACTION
gKUuuzg9,chocolate,1.0,1583392090000,909,INTERACTION
CuAgSlJwl,cortado,1.0,1583396006000,910,INTERACTION
FmxgvxmU,cortado,1.0,1583401878000,911,INTERACTION
5pVcV5V,chocolate,1.0,1583414629000,912,INTERACTION
D6F0qp7s7,cortado,1.0,1583418716000,913,INTERACTION
d4guBrpB,cortado decaffeinated,1.0,1583420150000,914,INTERACTION
93xlxT,cortado decaffeinated,1.0,1583423261000,915,INTERACTION
FmxgvxmU,cortado,1.0,1583478545000,916,INTERACTION
CuAgSlJwl,milk_coffee,1.0,1583481806000,917,INTERACTION
5pVcV5V,hazelnut_cappuccino,1.0,1583487492000,918,INTERACTION
93xlxT,chocolate,1.0,1583487680000,919,INTERACTION
d4guBrpB,cortado,1.0,1583488699000,920,INTERACTION
gKUuuzg9,milk_coffee,1.0,1583497547000,921,INTERACTION
D6F0qp7s7,cortado,1.0,1583505360000,922,INTERACTION
gKUuuzg9,milk_coffee,1.0,1583737409000,923,INTERACTION
5pVcV5V,hazelnut_cappuccino,1.0,1583738264000,924,INTERACTION
CuAgSlJwl,milk_coffee,1.0,1583743518000,925,INTERACTION
FmxgvxmU,cortado,1.0,1583744479000,926,INTERACTION
d4guBrpB,cortado,1.0,1583749110000,927,INTERACTION
D6F0qp7s7,cortado,1.0,1583760335000,928,INTERACTION
93xlxT,chocolate,1.0,1583768414000,929,INTERACTION
FmxgvxmU,cortado,1.0,1583825480000,930,INTERACTION
93xlxT,cortado decaffeinated,1.0,1583832737000,931,INTERACTION
gKUuuzg9,chocolate,1.0,1583833474000,932,INTERACTION
CuAgSlJwl,cortado,1.0,1583839257000,933,INTERACTION
5pVcV5V,chocolate,1.0,1583839477000,934,INTERACTION
D6F0qp7s7,cortado,1.0,1583850338000,935,INTERACTION
d4guBrpB,cortado decaffeinated,1.0,1583857997000,936,INTERACTION
gKUuuzg9,milk_coffee,1.0,1583910691000,937,INTERACTION
5pVcV5V,hazelnut_cappuccino,1.0,1583919628000,938,INTERACTION
d4guBrpB,cortado,1.0,1583921679000,939,INTERACTION
CuAgSlJwl,milk_coffee,1.0,1583925587000,940,INTERACTION
FmxgvxmU,cortado,1.0,1583926051000,941,INTERACTION
D6F0qp7s7,cortado,1.0,1583935787000,942,INTERACTION
93xlxT,chocolate,1.0,1583941652000,943,INTERACTION
CuAgSlJwl,milk_coffee,1.0,1584000308000,944,INTERACTION
gKUuuzg9,milk_coffee,1.0,1584006383000,945,INTERACTION
d4guBrpB,cortado,1.0,1584006980000,946,INTERACTION
5pVcV5V,hazelnut_cappuccino,1.0,1584011310000,947,INTERACTION
FmxgvxmU,cortado,1.0,1584012457000,948,INTERACTION
D6F0qp7s7,cortado,1.0,1584022664000,949,INTERACTION
93xlxT,chocolate,1.0,1584027338000,950,INTERACTION
d4guBrpB,cortado decaffeinated,1.0,1584090246000,951,INTERACTION
FmxgvxmU,cortado,1.0,1584093557000,952,INTERACTION
CuAgSlJwl,cortado,1.0,1584097773000,953,INTERACTION
gKUuuzg9,chocolate,1.0,1584101097000,954,INTERACTION
5pVcV5V,chocolate,1.0,1584105772000,955,INTERACTION
D6F0qp7s7,cortado,1.0,1584106899000,956,INTERACTION
93xlxT,cortado decaffeinated,1.0,1584111638000,957,INTERACTION
CuAgSlJwl,milk_coffee,1.0,1584338667000,958,INTERACTION
d4guBrpB,cortado,1.0,1584353006000,959,INTERACTION
gKUuuzg9,milk_coffee,1.0,1584361621000,960,INTERACTION
FmxgvxmU,cortado,1.0,1584364630000,961,INTERACTION
5pVcV5V,hazelnut_cappuccino,1.0,1584365104000,962,INTERACTION
D6F0qp7s7,cortado,1.0,1584365372000,963,INTERACTION
93xlxT,chocolate,1.0,1584373233000,964,INTERACTION
FmxgvxmU,cortado,1.0,1584429003000,965,INTERACTION
CuAgSlJwl,milk_coffee,1.0,1584432013000,966,INTERACTION
gKUuuzg9,milk_coffee,1.0,1584437956000,967,INTERACTION
5pVcV5V,hazelnut_cappuccino,1.0,1584438322000,968,INTERACTION
93xlxT,chocolate,1.0,1584438495000,969,INTERACTION
D6F0qp7s7,cortado,1.0,1584454715000,970,INTERACTION
d4guBrpB,cortado,1.0,1584456232000,971,INTERACTION
gKUuuzg9,chocolate,1.0,1584515779000,972,INTERACTION
CuAgSlJwl,cortado,1.0,1584521414000,973,INTERACTION
93xlxT,cortado decaffeinated,1.0,1584524362000,974,INTERACTION
FmxgvxmU,cortado,1.0,1584524426000,975,INTERACTION
d4guBrpB,cortado decaffeinated,1.0,1584525368000,976,INTERACTION
5pVcV5V,chocolate,1.0,1584530542000,977,INTERACTION
D6F0qp7s7,cortado,1.0,1584535365000,978,INTERACTION
FmxgvxmU,cortado,1.0,1584603315000,979,INTERACTION
CuAgSlJwl,milk_coffee,1.0,1584605595000,980,INTERACTION
gKUuuzg9,milk_coffee,1.0,1584610465000,981,INTERACTION
d4guBrpB,cortado,1.0,1584612196000,982,INTERACTION
5pVcV5V,hazelnut_cappuccino,1.0,1584623816000,983,INTERACTION
D6F0qp7s7,cortado,1.0,1584625378000,984,INTERACTION
93xlxT,chocolate,1.0,1584633559000,985,INTERACTION
CuAgSlJwl,milk_coffee,1.0,1584694759000,986,INTERACTION
93xlxT,chocolate,1.0,1584697873000,987,INTERACTION
FmxgvxmU,cortado,1.0,1584705039000,988,INTERACTION
gKUuuzg9,milk_coffee,1.0,1584706422000,989,INTERACTION
D6F0qp7s7,cortado,1.0,1584707579000,990,INTERACTION
5pVcV5V,hazelnut_cappuccino,1.0,1584709502000,991,INTERACTION
d4guBrpB,cortado,1.0,1584715436000,992,INTERACTION
CuAgSlJwl,cortado,1.0,1584953172000,993,INTERACTION
d4guBrpB,cortado decaffeinated,1.0,1584955276000,994,INTERACTION
FmxgvxmU,cortado,1.0,1584963882000,995,INTERACTION
gKUuuzg9,chocolate,1.0,1584965944000,996,INTERACTION
5pVcV5V,chocolate,1.0,1584968990000,997,INTERACTION
D6F0qp7s7,cortado,1.0,1584973731000,998,INTERACTION
93xlxT,cortado decaffeinated,1.0,1584978799000,999,INTERACTION
CuAgSlJwl,milk_coffee,1.0,1585032630000,1000,INTERACTION
FmxgvxmU,cortado,1.0,1585034116000,1001,INTERACTION
d4guBrpB,cortado,1.0,1585040636000,1002,INTERACTION
93xlxT,chocolate,1.0,1585042626000,1003,INTERACTION
gKUuuzg9,milk_coffee,1.0,1585043795000,1004,INTERACTION
5pVcV5V,hazelnut_cappuccino,1.0,1585055224000,1005,INTERACTION
D6F0qp7s7,cortado,1.0,1585057539000,1006,INTERACTION
d4guBrpB,cortado,1.0,1585127777000,1007,INTERACTION
5pVcV5V,hazelnut_cappuccino,1.0,1585129521000,1008,INTERACTION
CuAgSlJwl,milk_coffee,1.0,1585135259000,1009,INTERACTION
FmxgvxmU,cortado,1.0,1585136847000,1010,INTERACTION
gKUuuzg9,milk_coffee,1.0,1585139082000,1011,INTERACTION
D6F0qp7s7,cortado,1.0,1585148338000,1012,INTERACTION
93xlxT,chocolate,1.0,1585151900000,1013,INTERACTION
5pVcV5V,chocolate,1.0,1585207304000,1014,INTERACTION
93xlxT,cortado decaffeinated,1.0,1585216406000,1015,INTERACTION
CuAgSlJwl,cortado,1.0,1585221160000,1016,INTERACTION
FmxgvxmU,cortado,1.0,1585222047000,1017,INTERACTION
gKUuuzg9,chocolate,1.0,1585225428000,1018,INTERACTION
D6F0qp7s7,cortado,1.0,1585231356000,1019,INTERACTION
d4guBrpB,cortado decaffeinated,1.0,1585234799000,1020,INTERACTION
gKUuuzg9,milk_coffee,1.0,1585292725000,1021,INTERACTION
FmxgvxmU,cortado,1.0,1585294042000,1022,INTERACTION
CuAgSlJwl,milk_coffee,1.0,1585307018000,1023,INTERACTION
5pVcV5V,hazelnut_cappuccino,1.0,1585307135000,1024,INTERACTION
D6F0qp7s7,cortado,1.0,1585319273000,1025,INTERACTION
d4guBrpB,cortado,1.0,1585320767000,1026,INTERACTION
93xlxT,chocolate,1.0,1585323567000,1027,INTERACTION
5pVcV5V,hazelnut_cappuccino,1.0,1585548481000,1028,INTERACTION
FmxgvxmU,cortado,1.0,1585549869000,1029,INTERACTION
gKUuuzg9,milk_coffee,1.0,1585557211000,1030,INTERACTION
d4guBrpB,cortado,1.0,1585559261000,1031,INTERACTION
CuAgSlJwl,milk_coffee,1.0,1585563780000,1032,INTERACTION
D6F0qp7s7,cortado,1.0,1585574317000,1033,INTERACTION
93xlxT,chocolate,1.0,1585576840000,1034,INTERACTION
5pVcV5V,chocolate,1.0,1585635295000,1035,INTERACTION
d4guBrpB,cortado decaffeinated,1.0,1585642504000,1036,INTERACTION
gKUuuzg9,chocolate,1.0,1585644566000,1037,INTERACTION
CuAgSlJwl,cortado,1.0,1585650182000,1038,INTERACTION
FmxgvxmU,cortado,1.0,1585658045000,1039,INTERACTION
D6F0qp7s7,cortado,1.0,1585661995000,1040,INTERACTION
93xlxT,cortado decaffeinated,1.0,1585666272000,1041,INTERACTION
gKUuuzg9,milk_coffee,1.0,1585721409000,1042,INTERACTION
CuAgSlJwl,milk_coffee,1.0,1585727468000,1043,INTERACTION
5pVcV5V,hazelnut_cappuccino,1.0,1585730190000,1044,INTERACTION
d4guBrpB,cortado,1.0,1585735163000,1045,INTERACTION
FmxgvxmU,cortado,1.0,1585737027000,1046,INTERACTION
D6F0qp7s7,cortado,1.0,1585741187000,1047,INTERACTION
93xlxT,chocolate,1.0,1585752197000,1048,INTERACTION
gKUuuzg9,milk_coffee,1.0,1585807873000,1049,INTERACTION
5pVcV5V,hazelnut_cappuccino,1.0,1585808382000,1050,INTERACTION
93xlxT,chocolate,1.0,1585817234000,1051,INTERACTION
CuAgSlJwl,milk_coffee,1.0,1585821949000,1052,INTERACTION
FmxgvxmU,cortado,1.0,1585823373000,1053,INTERACTION
D6F0qp7s7,cortado,1.0,1585835075000,1054,INTERACTION
d4guBrpB,cortado,1.0,1585840288000,1055,INTERACTION
CuAgSlJwl,cortado,1.0,1585900338000,1056,INTERACTION
FmxgvxmU,cortado,1.0,1585910930000,1057,INTERACTION
gKUuuzg9,chocolate,1.0,1585912300000,1058,INTERACTION
D6F0qp7s7,cortado,1.0,1585914279000,1059,INTERACTION
5pVcV5V,chocolate,1.0,1585916877000,1060,INTERACTION
93xlxT,cortado decaffeinated,1.0,1585925844000,1061,INTERACTION
d4guBrpB,cortado decaffeinated,1.0,1585927105000,1062,INTERACTION
CuAgSlJwl,milk_coffee,1.0,1586149289000,1063,INTERACTION
gKUuuzg9,milk_coffee,1.0,1586154385000,1064,INTERACTION
FmxgvxmU,cortado,1.0,1586154605000,1065,INTERACTION
93xlxT,chocolate,1.0,1586161888000,1066,INTERACTION
5pVcV5V,hazelnut_cappuccino,1.0,1586167654000,1067,INTERACTION
D6F0qp7s7,cortado,1.0,1586178939000,1068,INTERACTION
d4guBrpB,cortado,1.0,1586186194000,1069,INTERACTION
gKUuuzg9,milk_coffee,1.0,1586239688000,1070,INTERACTION
CuAgSlJwl,milk_coffee,1.0,1586245769000,1071,INTERACTION
5pVcV5V,hazelnut_cappuccino,1.0,1586248813000,1072,INTERACTION
93xlxT,chocolate,1.0,1586249589000,1073,INTERACTION
FmxgvxmU,cortado,1.0,1586256826000,1074,INTERACTION
D6F0qp7s7,cortado,1.0,1586263720000,1075,INTERACTION
d4guBrpB,cortado,1.0,1586267396000,1076,INTERACTION
CuAgSlJwl,cortado,1.0,1586322561000,1077,INTERACTION
gKUuuzg9,chocolate,1.0,1586335158000,1078,INTERACTION
93xlxT,cortado decaffeinated,1.0,1586335626000,1079,INTERACTION
d4guBrpB,cortado decaffeinated,1.0,1586337147000,1080,INTERACTION
FmxgvxmU,cortado,1.0,1586343270000,1081,INTERACTION
5pVcV5V,chocolate,1.0,1586348764000,1082,INTERACTION
D6F0qp7s7,cortado,1.0,1586352644000,1083,INTERACTION
CuAgSlJwl,milk_coffee,1.0,1586409439000,1084,INTERACTION
gKUuuzg9,milk_coffee,1.0,1586413819000,1085,INTERACTION
FmxgvxmU,cortado,1.0,1586421799000,1086,INTERACTION
d4guBrpB,cortado,1.0,1586423000000,1087,INTERACTION
5pVcV5V,hazelnut_cappuccino,1.0,1586426834000,1088,INTERACTION
D6F0qp7s7,cortado,1.0,1586432645000,1089,INTERACTION
93xlxT,chocolate,1.0,1586443051000,1090,INTERACTION
FmxgvxmU,cortado,1.0,1586505632000,1091,INTERACTION
5pVcV5V,hazelnut_cappuccino,1.0,1586507953000,1092,INTERACTION
93xlxT,chocolate,1.0,1586508144000,1093,INTERACTION
CuAgSlJwl,milk_coffee,1.0,1586513622000,1094,INTERACTION
gKUuuzg9,milk_coffee,1.0,1586518003000,1095,INTERACTION
D6F0qp7s7,cortado,1.0,1586525439000,1096,INTERACTION
d4guBrpB,cortado,1.0,1586532499000,1097,INTERACTION
CuAgSlJwl,cortado,1.0,1586754560000,1098,INTERACTION
gKUuuzg9,chocolate,1.0,1586757921000,1099,INTERACTION
5pVcV5V,chocolate,1.0,1586758322000,1100,INTERACTION
FmxgvxmU,cortado,1.0,1586768005000,1101,INTERACTION
D6F0qp7s7,cortado,1.0,1586784221000,1102,INTERACTION
d4guBrpB,cortado decaffeinated,1.0,1586785023000,1103,INTERACTION
93xlxT,cortado decaffeinated,1.0,1586789013000,1104,INTERACTION
gKUuuzg9,milk_coffee,1.0,1586854235000,1105,INTERACTION
93xlxT,chocolate,1.0,1586854581000,1106,INTERACTION
d4guBrpB,cortado,1.0,1586855321000,1107,INTERACTION
CuAgSlJwl,milk_coffee,1.0,1586858742000,1108,INTERACTION
FmxgvxmU,cortado,1.0,1586861020000,1109,INTERACTION
5pVcV5V,hazelnut_cappuccino,1.0,1586861772000,1110,INTERACTION
D6F0qp7s7,cortado,1.0,1586872613000,1111,INTERACTION
CuAgSlJwl,milk_coffee,1.0,1586934257000,1112,INTERACTION
d4guBrpB,cortado,1.0,1586937915000,1113,INTERACTION
gKUuuzg9,milk_coffee,1.0,1586940502000,1114,INTERACTION
5pVcV5V,hazelnut_cappuccino,1.0,1586953073000,1115,INTERACTION
FmxgvxmU,cortado,1.0,1586953680000,1116,INTERACTION
D6F0qp7s7,cortado,1.0,1586955704000,1117,INTERACTION
93xlxT,chocolate,1.0,1586961930000,1118,INTERACTION
FmxgvxmU,cortado,1.0,1587018381000,1119,INTERACTION
CuAgSlJwl,cortado,1.0,1587023286000,1120,INTERACTION
gKUuuzg9,chocolate,1.0,1587026009000,1121,INTERACTION
93xlxT,cortado decaffeinated,1.0,1587027190000,1122,INTERACTION
d4guBrpB,cortado decaffeinated,1.0,1587028097000,1123,INTERACTION
5pVcV5V,chocolate,1.0,1587031590000,1124,INTERACTION
D6F0qp7s7,cortado,1.0,1587037483000,1125,INTERACTION
gKUuuzg9,milk_coffee,1.0,1587103768000,1126,INTERACTION
CuAgSlJwl,milk_coffee,1.0,1587109808000,1127,INTERACTION
d4guBrpB,cortado,1.0,1587110481000,1128,INTERACTION
5pVcV5V,hazelnut_cappuccino,1.0,1587112648000,1129,INTERACTION
D6F0qp7s7,cortado,1.0,1587123461000,1130,INTERACTION
FmxgvxmU,cortado,1.0,1587125520000,1131,INTERACTION
93xlxT,chocolate,1.0,1587134260000,1132,INTERACTION
CuAgSlJwl,milk_coffee,1.0,1587369072000,1133,INTERACTION
5pVcV5V,hazelnut_cappuccino,1.0,1587371906000,1134,INTERACTION
93xlxT,chocolate,1.0,1587372548000,1135,INTERACTION
gKUuuzg9,milk_coffee,1.0,1587381280000,1136,INTERACTION
D6F0qp7s7,cortado,1.0,1587383161000,1137,INTERACTION
FmxgvxmU,cortado,1.0,1587384736000,1138,INTERACTION
d4guBrpB,cortado,1.0,1587390541000,1139,INTERACTION
CuAgSlJwl,cortado,1.0,1587445270000,1140,INTERACTION
gKUuuzg9,chocolate,1.0,1587450691000,1141,INTERACTION
FmxgvxmU,cortado,1.0,1587466361000,1142,INTERACTION
5pVcV5V,chocolate,1.0,1587471892000,1143,INTERACTION
D6F0qp7s7,cortado,1.0,1587474177000,1144,INTERACTION
93xlxT,cortado decaffeinated,1.0,1587480984000,1145,INTERACTION
d4guBrpB,cortado decaffeinated,1.0,1587483161000,1146,INTERACTION
FmxgvxmU,cortado,1.0,1587535871000,1147,INTERACTION
5pVcV5V,hazelnut_cappuccino,1.0,1587536523000,1148,INTERACTION
93xlxT,chocolate,1.0,1587544950000,1149,INTERACTION
CuAgSlJwl,milk_coffee,1.0,1587549998000,1150,INTERACTION
gKUuuzg9,milk_coffee,1.0,1587554271000,1151,INTERACTION
D6F0qp7s7,cortado,1.0,1587556259000,1152,INTERACTION
d4guBrpB,cortado,1.0,1587562907000,1153,INTERACTION
gKUuuzg9,milk_coffee,1.0,1587622594000,1154,INTERACTION
FmxgvxmU,cortado,1.0,1587623307000,1155,INTERACTION
5pVcV5V,hazelnut_cappuccino,1.0,1587631151000,1156,INTERACTION
CuAgSlJwl,milk_coffee,1.0,1587636947000,1157,INTERACTION
D6F0qp7s7,cortado,1.0,1587641212000,1158,INTERACTION
d4guBrpB,cortado,1.0,1587647081000,1159,INTERACTION
93xlxT,chocolate,1.0,1587653294000,1160,INTERACTION
gKUuuzg9,chocolate,1.0,1587708507000,1161,INTERACTION
FmxgvxmU,cortado,1.0,1587708680000,1162,INTERACTION
5pVcV5V,chocolate,1.0,1587708841000,1163,INTERACTION
CuAgSlJwl,cortado,1.0,1587723658000,1164,INTERACTION
D6F0qp7s7,cortado,1.0,1587733848000,1165,INTERACTION
93xlxT,cortado decaffeinated,1.0,1587739336000,1166,INTERACTION
d4guBrpB,cortado decaffeinated,1.0,1587742455000,1167,INTERACTION
5pVcV5V,hazelnut_cappuccino,1.0,1587974473000,1168,INTERACTION
gKUuuzg9,milk_coffee,1.0,1587977547000,1169,INTERACTION
CuAgSlJwl,milk_coffee,1.0,1587981701000,1170,INTERACTION
FmxgvxmU,cortado,1.0,1587983994000,1171,INTERACTION
D6F0qp7s7,cortado,1.0,1587991066000,1172,INTERACTION
d4guBrpB,cortado,1.0,1587995702000,1173,INTERACTION
93xlxT,chocolate,1.0,1587999273000,1174,INTERACTION
CuAgSlJwl,milk_coffee,1.0,1588060093000,1175,INTERACTION
gKUuuzg9,milk_coffee,1.0,1588062689000,1176,INTERACTION
d4guBrpB,cortado,1.0,1588065080000,1177,INTERACTION
FmxgvxmU,cortado,1.0,1588076163000,1178,INTERACTION
5pVcV5V,hazelnut_cappuccino,1.0,1588076953000,1179,INTERACTION
D6F0qp7s7,cortado,1.0,1588078984000,1180,INTERACTION
93xlxT,chocolate,1.0,1588085371000,1181,INTERACTION
93xlxT,cortado decaffeinated,1.0,1588150508000,1182,INTERACTION
CuAgSlJwl,cortado,1.0,1588155173000,1183,INTERACTION
FmxgvxmU,cortado,1.0,1588157009000,1184,INTERACTION
gKUuuzg9,chocolate,1.0,1588159059000,1185,INTERACTION
5pVcV5V,chocolate,1.0,1588163234000,1186,INTERACTION
D6F0qp7s7,cortado,1.0,1588166439000,1187,INTERACTION
d4guBrpB,cortado decaffeinated,1.0,1588173747000,1188,INTERACTION
gKUuuzg9,milk_coffee,1.0,1588227849000,1189,INTERACTION
FmxgvxmU,cortado,1.0,1588228448000,1190,INTERACTION
CuAgSlJwl,milk_coffee,1.0,1588233270000,1191,INTERACTION
93xlxT,chocolate,1.0,1588236028000,1192,INTERACTION
5pVcV5V,hazelnut_cappuccino,1.0,1588241140000,1193,INTERACTION
D6F0qp7s7,cortado,1.0,1588251779000,1194,INTERACTION
d4guBrpB,cortado,1.0,1588254883000,1195,INTERACTION
gKUuuzg9,milk_coffee,1.0,1588572574000,1196,INTERACTION
FmxgvxmU,cortado,1.0,1588573767000,1197,INTERACTION
5pVcV5V,hazelnut_cappuccino,1.0,1588586482000,1198,INTERACTION
CuAgSlJwl,milk_coffee,1.0,1588587354000,1199,INTERACTION
D6F0qp7s7,cortado,1.0,1588596755000,1200,INTERACTION
d4guBrpB,cortado,1.0,1588600191000,1201,INTERACTION
93xlxT,chocolate,1.0,1588603111000,1202,INTERACTION
FmxgvxmU,cortado,1.0,1588667784000,1203,INTERACTION
CuAgSlJwl,cortado,1.0,1588673861000,1204,INTERACTION
gKUuuzg9,chocolate,1.0,1588678250000,1205,INTERACTION
5pVcV5V,chocolate,1.0,1588681804000,1206,INTERACTION
D6F0qp7s7,cortado,1.0,1588682017000,1207,INTERACTION
93xlxT,cortado decaffeinated,1.0,1588690531000,1208,INTERACTION
d4guBrpB,cortado decaffeinated,1.0,1588691735000,1209,INTERACTION
5pVcV5V,hazelnut_cappuccino,1.0,1588745505000,1210,INTERACTION
gKUuuzg9,milk_coffee,1.0,1588746430000,1211,INTERACTION
CuAgSlJwl,milk_coffee,1.0,1588749140000,1212,INTERACTION
d4guBrpB,cortado,1.0,1588753393000,1213,INTERACTION
93xlxT,chocolate,1.0,1588755435000,1214,INTERACTION
FmxgvxmU,cortado,1.0,1588762481000,1215,INTERACTION
D6F0qp7s7,cortado,1.0,1588771494000,1216,INTERACTION
gKUuuzg9,milk_coffee,1.0,1588832661000,1217,INTERACTION
CuAgSlJwl,milk_coffee,1.0,1588835112000,1218,INTERACTION
93xlxT,chocolate,1.0,1588841646000,1219,INTERACTION
d4guBrpB,cortado,1.0,1588842638000,1220,INTERACTION
FmxgvxmU,cortado,1.0,1588854132000,1221,INTERACTION
5pVcV5V,hazelnut_cappuccino,1.0,1588854422000,1222,INTERACTION
D6F0qp7s7,cortado,1.0,1588857459000,1223,INTERACTION
CuAgSlJwl,cortado,1.0,1588914685000,1224,INTERACTION
d4guBrpB,cortado decaffeinated,1.0,1588925905000,1225,INTERACTION
gKUuuzg9,chocolate,1.0,1588927888000,1226,INTERACTION
93xlxT,cortado decaffeinated,1.0,1588928229000,1227,INTERACTION
D6F0qp7s7,cortado,1.0,1588937809000,1228,INTERACTION
FmxgvxmU,cortado,1.0,1588939686000,1229,INTERACTION
5pVcV5V,chocolate,1.0,1588939916000,1230,INTERACTION
5pVcV5V,hazelnut_cappuccino,1.0,1589177282000,1231,INTERACTION
CuAgSlJwl,milk_coffee,1.0,1589181090000,1232,INTERACTION
FmxgvxmU,cortado,1.0,1589184092000,1233,INTERACTION
gKUuuzg9,milk_coffee,1.0,1589186307000,1234,INTERACTION
93xlxT,chocolate,1.0,1589187449000,1235,INTERACTION
D6F0qp7s7,cortado,1.0,1589197321000,1236,INTERACTION
d4guBrpB,cortado,1.0,1589209754000,1237,INTERACTION
gKUuuzg9,milk_coffee,1.0,1589264845000,1238,INTERACTION
CuAgSlJwl,milk_coffee,1.0,1589278846000,1239,INTERACTION
5pVcV5V,hazelnut_cappuccino,1.0,1589280936000,1240,INTERACTION
D6F0qp7s7,cortado,1.0,1589283774000,1241,INTERACTION
FmxgvxmU,cortado,1.0,1589285770000,1242,INTERACTION
d4guBrpB,cortado,1.0,1589290857000,1243,INTERACTION
93xlxT,chocolate,1.0,1589294321000,1244,INTERACTION
gKUuuzg9,chocolate,1.0,1589349929000,1245,INTERACTION
5pVcV5V,chocolate,1.0,1589350133000,1246,INTERACTION
CuAgSlJwl,cortado,1.0,1589353933000,1247,INTERACTION
D6F0qp7s7,cortado,1.0,1589369701000,1248,INTERACTION
FmxgvxmU,cortado,1.0,1589372951000,1249,INTERACTION
93xlxT,cortado decaffeinated,1.0,1589381673000,1250,INTERACTION
d4guBrpB,cortado decaffeinated,1.0,1589382633000,1251,INTERACTION
CuAgSlJwl,milk_coffee,1.0,1589432416000,1252,INTERACTION
FmxgvxmU,cortado,1.0,1589437089000,1253,INTERACTION
gKUuuzg9,milk_coffee,1.0,1589437217000,1254,INTERACTION
5pVcV5V,hazelnut_cappuccino,1.0,1589437557000,1255,INTERACTION
93xlxT,chocolate,1.0,1589446346000,1256,INTERACTION
D6F0qp7s7,cortado,1.0,1589462390000,1257,INTERACTION
d4guBrpB,cortado,1.0,1589469455000,1258,INTERACTION
gKUuuzg9,milk_coffee,1.0,1589523380000,1259,INTERACTION
CuAgSlJwl,milk_coffee,1.0,1589526136000,1260,INTERACTION
93xlxT,chocolate,1.0,1589532271000,1261,INTERACTION
5pVcV5V,hazelnut_cappuccino,1.0,1589537559000,1262,INTERACTION
FmxgvxmU,cortado,1.0,1589545693000,1263,INTERACTION
D6F0qp7s7,cortado,1.0,1589548663000,1264,INTERACTION
d4guBrpB,cortado,1.0,1589550104000,1265,INTERACTION
CuAgSlJwl,cortado,1.0,1589779159000,1266,INTERACTION
gKUuuzg9,chocolate,1.0,1589782883000,1267,INTERACTION
d4guBrpB,cortado decaffeinated,1.0,1589789757000,1268,INTERACTION
5pVcV5V,chocolate,1.0,1589796451000,1269,INTERACTION
FmxgvxmU,cortado,1.0,1589799153000,1270,INTERACTION
D6F0qp7s7,cortado,1.0,1589806076000,1271,INTERACTION
93xlxT,cortado decaffeinated,1.0,1589813235000,1272,INTERACTION
FmxgvxmU,cortado,1.0,1589869577000,1273,INTERACTION
CuAgSlJwl,milk_coffee,1.0,1589874745000,1274,INTERACTION
93xlxT,chocolate,1.0,1589877188000,1275,INTERACTION
5pVcV5V,hazelnut_cappuccino,1.0,1589878046000,1276,INTERACTION
gKUuuzg9,milk_coffee,1.0,1589878453000,1277,INTERACTION
d4guBrpB,cortado,1.0,1589879865000,1278,INTERACTION
D6F0qp7s7,cortado,1.0,1589889226000,1279,INTERACTION
gKUuuzg9,milk_coffee,1.0,1589955987000,1280,INTERACTION
CuAgSlJwl,milk_coffee,1.0,1589961310000,1281,INTERACTION
FmxgvxmU,cortado,1.0,1589965057000,1282,INTERACTION
5pVcV5V,hazelnut_cappuccino,1.0,1589969429000,1283,INTERACTION
D6F0qp7s7,cortado,1.0,1589978372000,1284,INTERACTION
d4guBrpB,cortado,1.0,1589981982000,1285,INTERACTION
93xlxT,chocolate,1.0,1589983214000,1286,INTERACTION
CuAgSlJwl,cortado,1.0,1590044479000,1287,INTERACTION
93xlxT,cortado decaffeinated,1.0,1590051365000,1288,INTERACTION
d4guBrpB,cortado decaffeinated,1.0,1590052482000,1289,INTERACTION
5pVcV5V,chocolate,1.0,1590055346000,1290,INTERACTION
gKUuuzg9,chocolate,1.0,1590059622000,1291,INTERACTION
D6F0qp7s7,cortado,1.0,1590060834000,1292,INTERACTION
FmxgvxmU,cortado,1.0,1590064280000,1293,INTERACTION
CuAgSlJwl,milk_coffee,1.0,1590134291000,1294,INTERACTION
d4guBrpB,cortado,1.0,1590138330000,1295,INTERACTION
FmxgvxmU,cortado,1.0,1590144765000,1296,INTERACTION
gKUuuzg9,milk_coffee,1.0,1590146997000,1297,INTERACTION
5pVcV5V,hazelnut_cappuccino,1.0,1590150613000,1298,INTERACTION
D6F0qp7s7,cortado,1.0,1590152998000,1299,INTERACTION
93xlxT,chocolate,1.0,1590159073000,1300,INTERACTION
FmxgvxmU,cortado,1.0,1590387131000,1301,INTERACTION
CuAgSlJwl,milk_coffee,1.0,1590390556000,1302,INTERACTION
gKUuuzg9,milk_coffee,1.0,1590405940000,1303,INTERACTION
5pVcV5V,hazelnut_cappuccino,1.0,1590408894000,1304,INTERACTION
D6F0qp7s7,cortado,1.0,1590414107000,1305,INTERACTION
93xlxT,chocolate,1.0,1590417865000,1306,INTERACTION
d4guBrpB,cortado,1.0,1590420141000,1307,INTERACTION
gKUuuzg9,chocolate,1.0,1590472999000,1308,INTERACTION
FmxgvxmU,cortado,1.0,1590481997000,1309,INTERACTION
93xlxT,cortado decaffeinated,1.0,1590482909000,1310,INTERACTION
CuAgSlJwl,cortado,1.0,1590487729000,1311,INTERACTION
5pVcV5V,chocolate,1.0,1590495418000,1312,INTERACTION
d4guBrpB,cortado decaffeinated,1.0,1590498163000,1313,INTERACTION
D6F0qp7s7,cortado,1.0,1590500196000,1314,INTERACTION
FmxgvxmU,cortado,1.0,1590560187000,1315,INTERACTION
gKUuuzg9,milk_coffee,1.0,1590568572000,1316,INTERACTION
5pVcV5V,hazelnut_cappuccino,1.0,1590568744000,1317,INTERACTION
d4guBrpB,cortado,1.0,1590569660000,1318,INTERACTION
CuAgSlJwl,milk_coffee,1.0,1590574776000,1319,INTERACTION
D6F0qp7s7,cortado,1.0,1590578763000,1320,INTERACTION
93xlxT,chocolate,1.0,1590590654000,1321,INTERACTION
CuAgSlJwl,milk_coffee,1.0,1590642848000,1322,INTERACTION
gKUuuzg9,milk_coffee,1.0,1590655467000,1323,INTERACTION
5pVcV5V,hazelnut_cappuccino,1.0,1590663332000,1324,INTERACTION
FmxgvxmU,cortado,1.0,1590668303000,1325,INTERACTION
D6F0qp7s7,cortado,1.0,1590671820000,1326,INTERACTION
93xlxT,chocolate,1.0,1590674609000,1327,INTERACTION
d4guBrpB,cortado,1.0,1590680258000,1328,INTERACTION
CuAgSlJwl,cortado,1.0,1590729272000,1329,INTERACTION
d4guBrpB,cortado decaffeinated,1.0,1590740041000,1330,INTERACTION
93xlxT,cortado decaffeinated,1.0,1590742215000,1331,INTERACTION
FmxgvxmU,cortado,1.0,1590742222000,1332,INTERACTION
gKUuuzg9,chocolate,1.0,1590751245000,1333,INTERACTION
5pVcV5V,chocolate,1.0,1590754808000,1334,INTERACTION
D6F0qp7s7,cortado,1.0,1590760250000,1335,INTERACTION
5pVcV5V,hazelnut_cappuccino,1.0,1590992392000,1336,INTERACTION
93xlxT,chocolate,1.0,1591001242000,1337,INTERACTION
gKUuuzg9,milk_coffee,1.0,1591001367000,1338,INTERACTION
d4guBrpB,cortado,1.0,1591001652000,1339,INTERACTION
CuAgSlJwl,milk_coffee,1.0,1591006131000,1340,INTERACTION
D6F0qp7s7,cortado,1.0,1591011122000,1341,INTERACTION
FmxgvxmU,cortado,1.0,1591013941000,1342,INTERACTION
FmxgvxmU,cortado,1.0,1591079055000,1343,INTERACTION
CuAgSlJwl,milk_coffee,1.0,1591081757000,1344,INTERACTION
d4guBrpB,cortado,1.0,1591085305000,1345,INTERACTION
gKUuuzg9,milk_coffee,1.0,1591088071000,1346,INTERACTION
5pVcV5V,hazelnut_cappuccino,1.0,1591100396000,1347,INTERACTION
D6F0qp7s7,cortado,1.0,1591103943000,1348,INTERACTION
93xlxT,chocolate,1.0,1591109237000,1349,INTERACTION
CuAgSlJwl,cortado,1.0,1591163427000,1350,INTERACTION
93xlxT,cortado decaffeinated,1.0,1591173732000,1351,INTERACTION
5pVcV5V,chocolate,1.0,1591179803000,1352,INTERACTION
gKUuuzg9,chocolate,1.0,1591182579000,1353,INTERACTION
FmxgvxmU,cortado,1.0,1591186994000,1354,INTERACTION
D6F0qp7s7,cortado,1.0,1591188579000,1355,INTERACTION
d4guBrpB,cortado decaffeinated,1.0,1591192186000,1356,INTERACTION
I3RXU,milk_coffee,1.0,1678883791686903,1687,INTERACTION
OCUnH,chocolate_milk,1.0,1678892095691902,1733,INTERACTION
F96Kv,milk_coffee,1.0,1678968567454626,1840,INTERACTION
fa6SQ,milk_coffee,1.0,1678969101615970,1868,INTERACTION
fa6SQ,hazelnut_cappuccino,1.0,1678969140880861,1882,INTERACTION
fa6SQ,hazelnut_cappuccino,1.0,1678969140880861,1884,INTERACTION
I3RXU,milk_coffee,1.0,1678883783340035,1686,INTERACTION
fa6SQ,milk_coffee,1.0,1678969183417212,1896,INTERACTION
Yx3rQ,capuccino,1.0,1678876752739565,1572,INTERACTION
0a4Qn,capuccino,1.0,1678876798104941,1579,INTERACTION
0a4Qn,milk_coffee,1.0,1678876867310790,1598,INTERACTION
0a4Qn,milk_coffee,1.0,1678876873495535,1599,INTERACTION
0a4Qn,milk_coffee,1.0,1678876927567876,1621,INTERACTION
OCUnH,expresso,1.0,1678879398478118,1650,INTERACTION
OCUnH,expresso,1.0,1678879451740871,1669,INTERACTION
fJlBu,capuccino,1.0,1678886152129443,1704,INTERACTION
I3RXU,milk_coffee,1.0,1678951617434205,1746,INTERACTION
fJlBu,milk_coffee,1.0,1678951711164166,1760,INTERACTION
ieuWQ,capuccino decaffeinated,1.0,1678952356053687,1779,INTERACTION
OCUnH,milk_coffee,1.0,1678967617180293,1809,INTERACTION
ws0cho3,expresso,1.0,1678968704378008,1859,INTERACTION
fa6SQ,hazelnut_cappuccino,1.0,1678969140880861,1883,INTERACTION
fa6SQ,capuccino,1.0,1678969210192781,1901,INTERACTION
0a4Qn,txokolate white,1.0,1678976190362629,1937,INTERACTION
Yx3rQ,long_coffee,1.0,1679036496995796,1958,INTERACTION
ws0cho3,expresso,1.0,1679064178869950,1972,INTERACTION
ws0cho3,hazelnut_cappuccino,1.0,1679064346596844,1981,INTERACTION
Yx3rQ,long_coffee,1.0,1679065102958272,1996,INTERACTION
Yx3rQ,capuccino,1.0,1679294126725977,2003,INTERACTION
I3RXU,milk_coffee,1.0,1679303448035032,2028,INTERACTION
I3RXU,milk_coffee,1.0,1679303448035032,2029,INTERACTION
I3RXU,milk_coffee,1.0,1679303464297680,2035,INTERACTION
OCUnH,expresso,1.0,1679303540007552,2044,INTERACTION
larri45h,long_coffee,1.0,1679323392143902,2060,INTERACTION
Yx3rQ,long_coffee,1.0,1679387632407167,2074,INTERACTION
larri45h,long_coffee,1.0,1679407939876093,2107,INTERACTION
larri45h,long_coffee,1.0,1679408036491470,2131,INTERACTION
CuAgSlJwl,milk_coffee,1.0,1679411053207968,2147,INTERACTION
vRXyI,long_coffee,1.0,1679567914121704,2191,INTERACTION
Yx3rQ,long_coffee,1.0,1679589122689624,2199,INTERACTION
vRXyI,long_coffee,1.0,1679670953096596,2212,INTERACTION
XIRWj,cortado,1.0,1679673796959420,2230,INTERACTION
vRXyI,long_coffee,1.0,1679907426061279,2238,INTERACTION
vRXyI,long_coffee,1.0,1680078919911460,2261,INTERACTION
sZfLY,expresso,1.0,1680097735434950,2287,INTERACTION
sZfLY,expresso,1.0,1680168540528571,2325,INTERACTION
vRXyI,long_coffee,1.0,1680195844165850,2367,INTERACTION
vRXyI,long_coffee,1.0,1680256013468873,2377,INTERACTION
larri45h,long_coffee,1.0,1680265642794522,2385,INTERACTION
vRXyI,long_coffee,1.0,1680510213645610,2395,INTERACTION
vRXyI,long_coffee,1.0,1680604235296616,2404,INTERACTION
larri45h,long_coffee,1.0,1680611426283038,2413,INTERACTION
vRXyI,long_coffee,1.0,1680704676698388,2423,INTERACTION
larri45h,long_coffee,1.0,1680708316077488,2432,INTERACTION
larri45h,long_coffee,1.0,1681734640061709,2452,INTERACTION
larri45h,long_coffee,1.0,1683207748030292,2477,INTERACTION
larri45h,milk_coffee,1.0,1683274025516728,2494,INTERACTION
larri45h,milk_coffee,1.0,1683274037341809,2495,INTERACTION
larri45h,long_coffee,1.0,1683546182746666,2507,INTERACTION
0a4Qn,long_coffee,1.0,1678876838181669,1588,RATING
0a4Qn,cortado,2.0,1678876838181669,1587,RATING
0a4Qn,capuccino,3.0,1678876941198448,1626,RATING
OCUnH,capuccino,2.0,1678879326812655,1639,RATING
I3RXU,milk_coffee,3.0,1678951617434205,1745,RATING
OCUnH,cortado,1.0,1678967593903538,1794,RATING
OCUnH,light_coffee,1.0,1678967593903538,1795,RATING
F96Kv,hazelnut_cappuccino,2.0,1678968551465412,1838,RATING
F96Kv,long_decaffeinated,1.0,1678968551465412,1839,RATING
0a4Qn,txokolate white,1.0,1678876833132972,1586,RATING
0a4Qn,arabiar tea,1.0,1678876933836634,1623,RATING
OCUnH,hazelnut_cappuccino,1.0,1678967593903538,1793,RATING
F96Kv,milk_coffee,3.0,1678968537799473,1837,RATING
Yx3rQ,chocolate,1.0,1678876732964416,1568,RATING
OCUnH,cortado,2.0,1678879326812655,1637,RATING
ws0cho3,cortado,2.0,1679064346596844,1979,RATING
Yx3rQ,cortado,2.0,1679065098838788,1992,RATING
OCUnH,cortado,1.0,1679303522420851,2040,RATING
Yx3rQ,cortado decaffeinated,1.0,1679387620252348,2070,RATING
FmxgvxmU,decaffeinated,1.0,1678802252065593,1360,RATING
FmxgvxmU,arabiar tea,1.0,1678802252065593,1361,RATING
Yx3rQ,cortado,2.0,1678876732964416,1566,RATING
Yx3rQ,capuccino,3.0,1678876732964416,1567,RATING
0a4Qn,cortado decaffeinated,2.0,1678876941198448,1627,RATING
OCUnH,decaffeinated,1.0,1678879332853915,1641,RATING
OCUnH,cortado,1.0,1678879435089473,1658,RATING
OCUnH,capuccino,1.0,1678879435089473,1659,RATING
OCUnH,arabiar tea,1.0,1678879435089473,1660,RATING
fJlBu,cortado,2.0,1678886181697274,1712,RATING
fJlBu,capuccino,3.0,1678886181697274,1713,RATING
fJlBu,txokolate white,1.0,1678886181697274,1714,RATING
OCUnH,cortado,1.0,1678891861549877,1723,RATING
OCUnH,milk_coffee,1.0,1678891861549877,1724,RATING
OCUnH,long_decaffeinated,1.0,1678891861549877,1725,RATING
ieuWQ,cortado,1.0,1678952324155591,1768,RATING
ieuWQ,light_coffee,1.0,1678952324155591,1769,RATING
ieuWQ,decaffeinated,1.0,1678952324155591,1770,RATING
ieuWQ,decaffeinated,3.0,1678952333014303,1771,RATING
ws0cho3,milk_coffee,3.0,1678968669457909,1849,RATING
ws0cho3,hazelnut_cappuccino,1.0,1678968678479049,1850,RATING
ws0cho3,decaffeinated,1.0,1678968678479049,1851,RATING
fa6SQ,milk_coffee,2.0,1678969166337214,1890,RATING
fa6SQ,capuccino,2.0,1678969166337214,1891,RATING
fa6SQ,decaffeinated,1.0,1678969191482584,1900,RATING
0a4Qn,expresso,1.0,1678976182373381,1934,RATING
0a4Qn,long_decaffeinated,1.0,1678976190362629,1935,RATING
0a4Qn,txokolate white,3.0,1678976190362629,1936,RATING
0a4Qn,milk_coffee kafeinagabe,2.0,1678976217170381,1944,RATING
0a4Qn,long_decaffeinated,1.0,1678976217170381,1945,RATING
0a4Qn,expresso,1.0,1678976222388792,1946,RATING
Yx3rQ,cortado,3.0,1679036465416976,1955,RATING
Yx3rQ,long_coffee,3.0,1679036465416976,1956,RATING
Yx3rQ,decaffeinated,1.0,1679036470880360,1957,RATING
ws0cho3,milk_coffee,2.0,1679064346596844,1980,RATING
ws0cho3,hazelnut_cappuccino,3.0,1679064346596844,1983,RATING
Yx3rQ,hazelnut_cappuccino,2.0,1679065098838788,1993,RATING
Yx3rQ,long_coffee,3.0,1679065098838788,1994,RATING
OCUnH,cortado,1.0,1679303522420851,2041,RATING
OCUnH,long_coffee,1.0,1679303529909365,2042,RATING
OCUnH,expresso,3.0,1679303540007552,2043,RATING
Yx3rQ,cortado,1.0,1679387620252348,2068,RATING
Yx3rQ,capuccino,3.0,1679387620252348,2069,RATING
CuAgSlJwl,milk_coffee kafeinagabe,2.0,1679411002506376,2139,RATING
CuAgSlJwl,arabiar tea,1.0,1679411017248992,2140,RATING
CuAgSlJwl,expresso,1.0,1679411022327628,2141,RATING
vRXyI,milk_coffee,1.0,1679567624673752,2179,RATING
vRXyI,capuccino,1.0,1679567630613896,2180,RATING
vRXyI,expresso,2.0,1679567630613896,2181,RATING
XIRWj,txokolate white,1.0,1679673777846390,2220,RATING
XIRWj,milk_coffee,1.0,1679673777846390,2221,RATING
XIRWj,expresso,1.0,1679673783236695,2222,RATING
vRXyI,long_coffee,3.0,1680078919911460,2260,RATING
sZfLY,expresso,3.0,1680168528240579,2324,RATING
vRXyI,long_coffee,2.0,1680256013468873,2376,RATING
vRXyI,long_coffee,2.0,1680510213645610,2393,RATING
vRXyI,long_coffee,2.0,1680704676698388,2422,RATING
