user,service,value,startDate,id
2qDLEBNv,hazelnut_cappuccino,1.0,1557921970770,0
iia5SP5,hazelnut_cappuccino,1.0,1557921992354,1
IQtg13hB,expresso,1.0,1557922622142,2
5pVcV5V,chocolate,1.0,1557928954537,3
jb1CjU1HF,chocolate,1.0,1557929585777,4
Vhpk5shpkk,expresso,1.0,1557930123605,5
IQtg13hB,expresso,1.0,1557930893916,6
OJwzAJ33l,chocolate,1.0,1557932620438,7
jb1CjU1HF,chocolate,1.0,1557941866476,8
FmxgvxmU,milk_coffee,1.0,1557986454593,9
2qDLEBNv,long_coffee,1.0,1557988276919,10
CuAgSlJwl,cortado,1.0,1557988450945,11
CuAgSlJwl,milk_coffee,1.0,1557988512758,12
5pVcV5V,milk_coffee,1.0,1557988556349,13
5pVcV5V,chocolate,1.0,1557988613013,14
IQtg13hB,expresso,1.0,1557988986391,15
iia5SP5,hazelnut_cappuccino,1.0,1557990143113,16
M8TX69h8,milk_coffee,1.0,1557992351253,17
93xlxT,chocolate,1.0,1557992781741,18
M8TX69h8,milk_coffee,1.0,1557992862875,19
CuAgSlJwl,milk_coffee,1.0,1557993326048,20
IQtg13hB,expresso,1.0,1557993986463,21
D6F0qp7s7,milk_coffee,1.0,1557994046820,22
M8TX69h8,arabiar tea,1.0,1557994215793,23
Vhpk5shpkk,expresso,1.0,1557995226246,24
2qDLEBNv,long_coffee,1.0,1557996801672,25
jb1CjU1HF,hazelnut_cappuccino,1.0,1557996831987,26
uhDooz5uD,milk_coffee,1.0,1557996885561,27
CCMAqXtVdM,cortado,1.0,1557996948345,28
iia5SP5,hazelnut_cappuccino,1.0,1557997941869,29
TRFKSXv,chocolate,1.0,1558004415279,30
jb1CjU1HF,milk_coffee,1.0,1558004847024,31
2qDLEBNv,hazelnut_cappuccino,1.0,1558004957756,32
gKUuuzg9,milk_coffee,1.0,1558005049662,33
CCMAqXtVdM,cortado,1.0,1558009643986,34
Vhpk5shpkk,expresso,1.0,1558012157602,35
ymETMF4M4,long_coffee,1.0,1558012344878,36
55reHHf,milk_coffee,1.0,1558012727151,37
CuAgSlJwl,milk_coffee,1.0,1558015260730,38
CCMAqXtVdM,cortado,1.0,1558016061976,39
gKUuuzg9,chocolate,1.0,1558019463718,40
gKUuuzg9,milk_coffee,1.0,1558019503769,41
CuAgSlJwl,milk_coffee,1.0,1558070545845,43
FmxgvxmU,milk_coffee,1.0,1558072645571,44
FmxgvxmU,capuccino decaffeinated,1.0,1558073314451,45
CuAgSlJwl,expresso,1.0,1558075165080,46
CuAgSlJwl,milk_coffee,1.0,1558075227943,47
gKUuuzg9,milk_coffee,1.0,1558075360783,48
gKUuuzg9,chocolate,1.0,1558075426475,49
2qDLEBNv,long_coffee,1.0,1558076373825,50
CCMAqXtVdM,cortado,1.0,1558076814492,51
FmxgvxmU,cortado,1.0,1558077975149,52
Vhpk5shpkk,expresso,1.0,1558079463885,53
IQtg13hB,expresso,1.0,1558080495311,54
ymETMF4M4,capuccino,1.0,1558081848525,55
D6F0qp7s7,milk_coffee,1.0,1558083965605,56
M8TX69h8,milk_coffee,1.0,1558084002107,57
5pVcV5V,hazelnut_cappuccino,1.0,1558084233712,58
gKUuuzg9,milk_coffee,1.0,1558084271009,59
qpzNDzybrsi,expresso,1.0,1558090952935,60
IQtg13hB,expresso,1.0,1558094113030,61
D6F0qp7s7,cortado,1.0,1558095809945,62
uhDooz5uD,milk_coffee,1.0,1558096549775,63
Vhpk5shpkk,capuccino,1.0,1558101225927,64
ymETMF4M4,capuccino,1.0,1558102183016,65
CCMAqXtVdM,cortado,1.0,1558107712810,66
jb1CjU1HF,milk_coffee,1.0,1558107867580,67
CuAgSlJwl,milk_coffee,1.0,1558163908423,68
CuAgSlJwl,milk_coffee,1.0,1558258344156,69
CCMAqXtVdM,cortado,1.0,1558331810561,70
5pVcV5V,hazelnut_cappuccino,1.0,1558332913267,71
gKUuuzg9,milk_coffee,1.0,1558333048305,72
CuAgSlJwl,milk_coffee,1.0,1558333142013,73
qpzNDzybrsi,expresso,1.0,1558333614014,74
CCMAqXtVdM,cortado,1.0,1558335469367,75
ymETMF4M4,capuccino,1.0,1558339153359,76
M8TX69h8,milk_coffee,1.0,1558340193787,77
IQtg13hB,expresso,1.0,1558340627547,78
OJwzAJ33l,long_coffee,1.0,1558340730774,79
Vhpk5shpkk,expresso,1.0,1558342567991,80
gKUuuzg9,milk_coffee,1.0,1558343224315,81
5pVcV5V,hazelnut_cappuccino,1.0,1558343249925,82
5pVcV5V,hazelnut_cappuccino,1.0,1558349712233,83
gKUuuzg9,milk_coffee,1.0,1558349764842,84
qpzNDzybrsi,expresso,1.0,1558350013150,85
2qDLEBNv,long_coffee,1.0,1558350057619,86
TRFKSXv,chocolate,1.0,1558350061984,87
CuAgSlJwl,milk_coffee,1.0,1558350224298,88
93xlxT,chocolate,1.0,1558350236906,89
jb1CjU1HF,milk_coffee,1.0,1558351493322,90
M8TX69h8,milk_coffee,1.0,1558352256825,91
D6F0qp7s7,milk_coffee,1.0,1558352282569,92
iia5SP5,hazelnut_cappuccino,1.0,1558352335511,93
OJwzAJ33l,long_coffee,1.0,1558353441159,94
IQtg13hB,expresso,1.0,1558353481419,95
Vhpk5shpkk,decaffeinated,1.0,1558355034900,96
FmxgvxmU,light_coffee,1.0,1558357686442,97
CCMAqXtVdM,cortado,1.0,1558358293190,98
FmxgvxmU,expresso,1.0,1558358908940,99
uhDooz5uD,milk_coffee,1.0,1558359573917,100
uhDooz5uD,milk_coffee,1.0,1558359689434,101
ymETMF4M4,long_coffee,1.0,1558361507430,102
5pVcV5V,chocolate,1.0,1558420530723,103
gKUuuzg9,milk_coffee,1.0,1558420592287,104
CkfZksM2rBrL,cortado,1.0,1558422529790,105
Vhpk5shpkk,decaffeinated,1.0,1558423669432,106
D6F0qp7s7,milk_coffee,1.0,1558426597081,107
iia5SP5,hazelnut_cappuccino,1.0,1558426615315,108
5pVcV5V,hazelnut_cappuccino,1.0,1558427761120,109
gKUuuzg9,milk_coffee,1.0,1558427793030,110
ymETMF4M4,decaffeinated,1.0,1558428661847,111
iia5SP5,chocolate_milk,1.0,1558429356014,112
Vhpk5shpkk,decaffeinated,1.0,1558429494406,113
uhDooz5uD,milk_coffee,1.0,1558431618985,114
uhDooz5uD,milk_coffee,1.0,1558431660118,115
5pVcV5V,hazelnut_cappuccino,1.0,1558436939791,116
gKUuuzg9,milk_coffee,1.0,1558436965418,117
jb1CjU1HF,milk_coffee,1.0,1558438767539,118
CuAgSlJwl,milk_coffee,1.0,1558441760042,119
Vhpk5shpkk,decaffeinated,1.0,1558446218361,120
ymETMF4M4,long_decaffeinated,1.0,1558456551384,121
5pVcV5V,chocolate,1.0,1558506950912,122
OJwzAJ33l,long_coffee,1.0,1558507804108,123
Vhpk5shpkk,expresso,1.0,1558510025788,124
ymETMF4M4,capuccino,1.0,1558510825777,125
OJwzAJ33l,long_coffee,1.0,1558512513385,126
IQtg13hB,expresso,1.0,1558512556523,127
D6F0qp7s7,milk_coffee,1.0,1558512921849,128
FmxgvxmU,cortado,1.0,1558513759718,129
5pVcV5V,hazelnut_cappuccino,1.0,1558514424104,130
gKUuuzg9,milk_coffee,1.0,1558514441916,131
M8TX69h8,milk_coffee,1.0,1558514554979,132
uhDooz5uD,milk_coffee,1.0,1558515092463,133
CkfZksM2rBrL,cortado,1.0,1558516019492,134
CuAgSlJwl,milk_coffee,1.0,1558516751131,135
5pVcV5V,hazelnut_cappuccino,1.0,1558523346725,136
gKUuuzg9,milk_coffee,1.0,1558523350749,137
FmxgvxmU,cortado,1.0,1558524151567,138
D6F0qp7s7,cortado,1.0,1558524173995,139
CuAgSlJwl,milk_coffee,1.0,1558524702572,140
qpzNDzybrsi,expresso,1.0,1558526078263,141
jb1CjU1HF,milk_coffee,1.0,1558526083181,142
IQtg13hB,expresso,1.0,1558527007428,143
uhDooz5uD,milk_coffee,1.0,1558530710848,144
CCMAqXtVdM,cortado,1.0,1558531458269,145
ymETMF4M4,long_decaffeinated,1.0,1558531618236,146
Vhpk5shpkk,decaffeinated,1.0,1558531748013,147
CkfZksM2rBrL,cortado,1.0,1558532124300,148
IQtg13hB,expresso,1.0,1558534748958,149
OJwzAJ33l,chocolate,1.0,1558534755364,150
5pVcV5V,chocolate,1.0,1558592250179,151
gKUuuzg9,milk_coffee,1.0,1558592281125,152
iia5SP5,hazelnut_cappuccino,1.0,1558596933611,153
CuAgSlJwl,milk_coffee,1.0,1558597501998,154
CuAgSlJwl,milk_coffee,1.0,1558597534725,155
ymETMF4M4,capuccino,1.0,1558599326312,156
jb1CjU1HF,milk_coffee,1.0,1558599503734,157
IQtg13hB,expresso,1.0,1558599580390,158
93xlxT,chocolate,1.0,1558600142556,159
gKUuuzg9,milk_coffee,1.0,1558601926711,160
CCMAqXtVdM,cortado,1.0,1558602145795,161
uhDooz5uD,milk_coffee,1.0,1558602897382,162
5pVcV5V,hazelnut_cappuccino,1.0,1558603369737,163
Vhpk5shpkk,decaffeinated,1.0,1558606945240,164
jb1CjU1HF,milk_coffee,1.0,1558610407411,165
IQtg13hB,expresso,1.0,1558612618350,166
uhDooz5uD,milk_coffee,1.0,1558615400276,167
FmxgvxmU,cortado decaffeinated,1.0,1558618385438,168
ymETMF4M4,capuccino,1.0,1558619701458,169
93xlxT,chocolate,1.0,1558622263128,170
ymETMF4M4,long_decaffeinated,1.0,1558625353731,171
CuAgSlJwl,milk_coffee,1.0,1558679955765,173
uhDooz5uD,milk_coffee,1.0,1558681496724,174
IQtg13hB,expresso,1.0,1558685032322,175
ymETMF4M4,long_coffee,1.0,1558685456303,176
FmxgvxmU,cortado,1.0,1558685554728,177
2qDLEBNv,chocolate,1.0,1558687681138,178
5pVcV5V,hazelnut_cappuccino,1.0,1558688313349,179
M8TX69h8,milk_coffee,1.0,1558689516719,180
D6F0qp7s7,milk_coffee,1.0,1558689528388,181
FmxgvxmU,decaffeinated,1.0,1558690080997,182
13zpiFiAzJ,expresso,1.0,1558690613680,183
93xlxT,chocolate,1.0,1558690827568,184
FmxgvxmU,expresso,1.0,1558692027377,185
FmxgvxmU,expresso,1.0,1558692606395,186
FmxgvxmU,expresso,1.0,1558693607459,187
FmxgvxmU,expresso,1.0,1558694056507,188
CuAgSlJwl,milk_coffee,1.0,1558694819087,189
CkfZksM2rBrL,cortado,1.0,1558694881761,190
M8TX69h8,milk_coffee,1.0,1558697768674,191
P5BAwzTfB,hazelnut_cappuccino,1.0,1558698188811,192
IQtg13hB,expresso,1.0,1558699442271,193
Vhpk5shpkk,expresso,1.0,1558699658188,194
ymETMF4M4,capuccino,1.0,1558705470406,195
jb1CjU1HF,chocolate,1.0,1558708248498,196
2qDLEBNv,long_coffee,1.0,1558708426343,197
ymETMF4M4,long_decaffeinated,1.0,1558713445157,198
CuAgSlJwl,milk_coffee,1.0,1558765915714,199
CuAgSlJwl,milk_coffee,1.0,1558858619428,200
CuAgSlJwl,milk_coffee,1.0,1558867116203,201
2qDLEBNv,long_coffee,1.0,1558938696028,202
OJwzAJ33l,long_coffee,1.0,1558939094188,203
5pVcV5V,chocolate,1.0,1558939110173,204
gKUuuzg9,milk_coffee,1.0,1558939153193,205
Vhpk5shpkk,decaffeinated,1.0,1558941104968,206
D6F0qp7s7,milk_coffee,1.0,1558941984657,207
ymETMF4M4,capuccino,1.0,1558942297483,208
IQtg13hB,expresso,1.0,1558944708619,209
FmxgvxmU,cortado,1.0,1558946854984,210
5pVcV5V,hazelnut_cappuccino,1.0,1558946956607,211
gKUuuzg9,milk_coffee,1.0,1558947006795,212
CkfZksM2rBrL,cortado,1.0,1558947856685,213
CCMAqXtVdM,cortado,1.0,1558947865624,214
5pVcV5V,hazelnut_cappuccino,1.0,1558955041494,215
gKUuuzg9,milk_coffee,1.0,1558955047811,216
FmxgvxmU,cortado,1.0,1558956911817,217
D6F0qp7s7,cortado,1.0,1558957438446,218
iia5SP5,hazelnut_cappuccino,1.0,1558957953555,219
OJwzAJ33l,expresso,1.0,1558958191248,220
IQtg13hB,expresso,1.0,1558958243638,221
Vhpk5shpkk,decaffeinated,1.0,1558959982240,222
ymETMF4M4,capuccino,1.0,1558964800354,223
Vhpk5shpkk,decaffeinated,1.0,1558968200665,224
CkfZksM2rBrL,cortado,1.0,1558970910321,225
CuAgSlJwl,milk_coffee,1.0,1559022605556,226
CCMAqXtVdM,cortado,1.0,1559025164577,227
5pVcV5V,hazelnut_cappuccino,1.0,1559025646689,228
gKUuuzg9,milk_coffee,1.0,1559025706692,229
d4guBrpB,cortado,1.0,1559028170244,230
93xlxT,chocolate,1.0,1559030497971,231
ymETMF4M4,capuccino,1.0,1559031285313,232
M8TX69h8,milk_coffee,1.0,1559032774969,233
5pVcV5V,hazelnut_cappuccino,1.0,1559034157090,234
gKUuuzg9,milk_coffee,1.0,1559034231779,235
CuAgSlJwl,milk_coffee,1.0,1559040012395,236
jb1CjU1HF,milk_coffee,1.0,1559040825659,237
5pVcV5V,hazelnut_cappuccino,1.0,1559042192898,238
gKUuuzg9,milk_coffee,1.0,1559042205299,239
CkfZksM2rBrL,cortado,1.0,1559043737224,240
Vhpk5shpkk,decaffeinated,1.0,1559049000204,241
d4guBrpB,cortado,1.0,1559050535589,242
ymETMF4M4,capuccino,1.0,1559055263099,243
5pVcV5V,chocolate,1.0,1559111189314,244
gKUuuzg9,milk_coffee,1.0,1559111218239,245
FmxgvxmU,milk_coffee,1.0,1559112777329,246
ymETMF4M4,capuccino,1.0,1559116207862,247
CuAgSlJwl,milk_coffee,1.0,1559116646087,248
93xlxT,chocolate,1.0,1559117176377,249
M8TX69h8,milk_coffee,1.0,1559118037548,250
D6F0qp7s7,milk_coffee,1.0,1559118078291,251
Vhpk5shpkk,decaffeinated,1.0,1559118090890,252
OJwzAJ33l,long_coffee,1.0,1559118199931,253
IQtg13hB,expresso,1.0,1559118208027,254
5pVcV5V,hazelnut_cappuccino,1.0,1559119899842,255
gKUuuzg9,milk_coffee,1.0,1559119924103,256
uhDooz5uD,milk_coffee,1.0,1559121770666,257
d4guBrpB,cortado,1.0,1559123416369,258
CuAgSlJwl,milk_coffee,1.0,1559123685562,259
93xlxT,chocolate,1.0,1559123949207,260
5pVcV5V,hazelnut_cappuccino,1.0,1559128303720,261
gKUuuzg9,milk_coffee,1.0,1559128332584,262
5pVcV5V,chocolate,1.0,1559128606378,263
gKUuuzg9,milk_coffee,1.0,1559128640217,264
CkfZksM2rBrL,cortado,1.0,1559130730786,265
FmxgvxmU,cortado,1.0,1559131041823,266
OJwzAJ33l,expresso,1.0,1559131262223,267
jb1CjU1HF,milk_coffee,1.0,1559131476996,268
uhDooz5uD,milk_coffee,1.0,1559133421740,269
ymETMF4M4,capuccino,1.0,1559136263050,270
d4guBrpB,cortado,1.0,1559139701748,271
CCMAqXtVdM,cortado,1.0,1559197205737,272
5pVcV5V,chocolate,1.0,1559198587799,273
gKUuuzg9,milk_coffee,1.0,1559198621923,274
CuAgSlJwl,milk_coffee,1.0,1559199736707,275
IQtg13hB,expresso,1.0,1559203331551,276
ymETMF4M4,capuccino,1.0,1559204877943,277
gKUuuzg9,milk_coffee,1.0,1559206340370,278
5pVcV5V,hazelnut_cappuccino,1.0,1559206382014,279
M8TX69h8,milk_coffee,1.0,1559207020159,280
2qDLEBNv,long_coffee,1.0,1559207129856,281
jb1CjU1HF,chocolate,1.0,1559208371686,282
13zpiFiAzJ,expresso,1.0,1559208429495,283
D6F0qp7s7,milk_coffee,1.0,1559209925357,284
FmxgvxmU,cortado,1.0,1559211926054,285
M8TX69h8,milk_coffee,1.0,1559215546332,286
D6F0qp7s7,cortado,1.0,1559215597082,287
IQtg13hB,expresso,1.0,1559217275929,288
d4guBrpB,cortado,1.0,1559227748038,289
5pVcV5V,hazelnut_cappuccino,1.0,1559284356055,290
P5BAwzTfB,capuccino decaffeinated,1.0,1559284379552,291
ymETMF4M4,capuccino,1.0,1559290058102,292
P5BAwzTfB,capuccino,1.0,1559291198909,293
CuAgSlJwl,milk_coffee,1.0,1559291481827,294
d4guBrpB,cortado,1.0,1559293249305,295
FmxgvxmU,cortado,1.0,1559295142745,296
qpzNDzybrsi,expresso,1.0,1559295170216,297
93xlxT,chocolate,1.0,1559296689891,298
5pVcV5V,hazelnut_cappuccino,1.0,1559297878721,299
gKUuuzg9,milk_coffee,1.0,1559297953741,300
Vhpk5shpkk,decaffeinated,1.0,1559299701046,301
CuAgSlJwl,milk_coffee,1.0,1559301717820,302
P5BAwzTfB,hazelnut_cappuccino,1.0,1559301794789,303
IQtg13hB,expresso,1.0,1559303364932,304
FmxgvxmU,cortado,1.0,1559303477192,305
D6F0qp7s7,cortado,1.0,1559304511398,306
ymETMF4M4,long_coffee,1.0,1559311347435,307
Vhpk5shpkk,decaffeinated,1.0,1559312888267,308
jb1CjU1HF,chocolate,1.0,1559317587271,309
5pVcV5V,chocolate,1.0,1559542561133,310
ymETMF4M4,capuccino,1.0,1559543987479,311
OJwzAJ33l,long_coffee,1.0,1559544093456,312
D6F0qp7s7,milk_coffee,1.0,1559546735576,313
FmxgvxmU,cortado,1.0,1559548392971,314
Vhpk5shpkk,decaffeinated,1.0,1559549243514,315
gKUuuzg9,milk_coffee,1.0,1559553020557,316
CkfZksM2rBrL,cortado,1.0,1559553839633,317
P5BAwzTfB,hazelnut_cappuccino,1.0,1559554055914,318
M8TX69h8,milk_coffee,1.0,1559554542677,319
CuAgSlJwl,milk_coffee,1.0,1559561046674,320
FmxgvxmU,cortado,1.0,1559561227918,321
IQtg13hB,expresso,1.0,1559563222489,322
OJwzAJ33l,expresso,1.0,1559563248027,323
M8TX69h8,milk_coffee,1.0,1559564669575,324
D6F0qp7s7,cortado,1.0,1559564705287,325
uhDooz5uD,milk_coffee,1.0,1559569418880,326
ymETMF4M4,long_coffee,1.0,1559570046800,327
CuAgSlJwl,milk_coffee,1.0,1559625868990,328
Vhpk5shpkk,decaffeinated,1.0,1559632283813,329
ymETMF4M4,long_coffee,1.0,1559633475868,330
IQtg13hB,expresso,1.0,1559633663245,331
FmxgvxmU,chocolate,1.0,1559633724559,332
D6F0qp7s7,milk_coffee,1.0,1559635253899,333
93xlxT,chocolate,1.0,1559639023672,334
CuAgSlJwl,milk_coffee,1.0,1559639645050,335
P5BAwzTfB,hazelnut_cappuccino,1.0,1559639783828,336
qpzNDzybrsi,expresso,1.0,1559639872014,337
IQtg13hB,expresso,1.0,1559640400251,338
CkfZksM2rBrL,cortado,1.0,1559640414301,339
2qDLEBNv,chocolate,1.0,1559647079048,340
D6F0qp7s7,cortado,1.0,1559648731478,341
Vhpk5shpkk,milk_coffee kafeinagabe,1.0,1559649014089,342
IQtg13hB,expresso,1.0,1559649095032,343
CuAgSlJwl,milk_coffee,1.0,1559650134179,344
P5BAwzTfB,hazelnut_cappuccino,1.0,1559651307656,345
ymETMF4M4,long_coffee,1.0,1559656583724,346
5pVcV5V,chocolate,1.0,1559716788446,347
gKUuuzg9,milk_coffee,1.0,1559716815354,348
OJwzAJ33l,long_coffee,1.0,1559716977316,349
Vhpk5shpkk,decaffeinated,1.0,1559719552609,350
D6F0qp7s7,milk_coffee,1.0,1559723550560,351
5pVcV5V,hazelnut_cappuccino,1.0,1559724565218,352
gKUuuzg9,milk_coffee,1.0,1559724590525,353
P5BAwzTfB,hazelnut_cappuccino,1.0,1559725092089,354
FmxgvxmU,cortado,1.0,1559726984671,355
TRFKSXv,chocolate,1.0,1559728196634,356
5pVcV5V,hazelnut_cappuccino,1.0,1559733282121,357
gKUuuzg9,milk_coffee,1.0,1559733299003,358
qpzNDzybrsi,expresso,1.0,1559733861779,359
M8TX69h8,milk_coffee,1.0,1559734365294,360
D6F0qp7s7,cortado,1.0,1559734406215,361
Vhpk5shpkk,decaffeinated,1.0,1559735045789,362
CkfZksM2rBrL,cortado,1.0,1559735986649,363
uhDooz5uD,milk_coffee,1.0,1559738906638,364
OJwzAJ33l,long_coffee,1.0,1559803504706,365
ymETMF4M4,capuccino,1.0,1559806778687,366
M8TX69h8,milk_coffee,1.0,1559811350018,367
D6F0qp7s7,milk_coffee,1.0,1559811380415,368
5pVcV5V,hazelnut_cappuccino,1.0,1559819619256,369
CuAgSlJwl,milk_coffee,1.0,1559820502580,370
M8TX69h8,milk_coffee,1.0,1559820546463,371
D6F0qp7s7,cortado,1.0,1559820596364,372
Vhpk5shpkk,decaffeinated,1.0,1559822245214,373
IQtg13hB,expresso,1.0,1559822287639,374
Vhpk5shpkk,capuccino decaffeinated,1.0,1559829014385,375
d4guBrpB,cortado,1.0,1559835812955,376
2qDLEBNv,long_coffee,1.0,1559887834924,377
FmxgvxmU,cortado,1.0,1559887956305,378
5pVcV5V,hazelnut_cappuccino,1.0,1559888947435,379
gKUuuzg9,milk_coffee,1.0,1559889009653,380
M8TX69h8,milk_coffee,1.0,1559890870225,381
D6F0qp7s7,milk_coffee,1.0,1559892927282,382
2qDLEBNv,long_coffee,1.0,1559896254363,383
5pVcV5V,hazelnut_cappuccino,1.0,1559896640334,384
gKUuuzg9,milk_coffee,1.0,1559896655451,385
ymETMF4M4,capuccino,1.0,1559899883971,386
Vhpk5shpkk,decaffeinated,1.0,1559914616908,387
CuAgSlJwl,milk_coffee,1.0,1559978823043,388
CuAgSlJwl,milk_coffee,1.0,1560071631356,389
5pVcV5V,chocolate,1.0,1560148508494,390
gKUuuzg9,milk_coffee,1.0,1560148604725,391
2qDLEBNv,long_coffee,1.0,1560150463021,392
M8TX69h8,milk_coffee,1.0,1560154119912,393
5pVcV5V,hazelnut_cappuccino,1.0,1560156543580,394
gKUuuzg9,milk_coffee,1.0,1560156581441,395
CuAgSlJwl,milk_coffee,1.0,1560161267654,396
gKUuuzg9,light_coffee,1.0,1560164478245,397
5pVcV5V,hazelnut_cappuccino,1.0,1560164510850,398
IQtg13hB,expresso,1.0,1560168442451,399
5pVcV5V,hazelnut_cappuccino,1.0,1560233437974,400
gKUuuzg9,milk_coffee,1.0,1560233460408,401
2qDLEBNv,long_coffee,1.0,1560234289439,402
CuAgSlJwl,milk_coffee,1.0,1560237650734,403
Vhpk5shpkk,decaffeinated,1.0,1560239724963,404
uhDooz5uD,milk_coffee,1.0,1560241234189,405
IQtg13hB,expresso,1.0,1560242646188,406
2qDLEBNv,chocolate,1.0,1560242708280,407
FmxgvxmU,expresso,1.0,1560242728514,408
gKUuuzg9,milk_coffee,1.0,1560243219332,409
CuAgSlJwl,milk_coffee,1.0,1560243863241,410
ymETMF4M4,capuccino,1.0,1560244899790,411
5pVcV5V,hazelnut_cappuccino,1.0,1560250931839,412
gKUuuzg9,milk_coffee,1.0,1560251015824,413
IQtg13hB,expresso,1.0,1560254253576,414
M8TX69h8,milk_coffee,1.0,1560256451826,415
uhDooz5uD,milk_coffee,1.0,1560256489787,416
5pVcV5V,chocolate,1.0,1560261981202,417
gKUuuzg9,milk_coffee,1.0,1560262002340,418
5pVcV5V,chocolate,1.0,1560320499364,419
gKUuuzg9,milk_coffee,1.0,1560320524338,420
qpzNDzybrsi,expresso,1.0,1560320805003,421
2qDLEBNv,long_coffee,1.0,1560321094277,422
IQtg13hB,expresso,1.0,1560326559644,423
2qDLEBNv,hazelnut_cappuccino,1.0,1560328731552,424
D6F0qp7s7,milk_coffee,1.0,1560330380973,425
M8TX69h8,milk_coffee,1.0,1560330401157,426
5pVcV5V,hazelnut_cappuccino,1.0,1560330602990,427
gKUuuzg9,milk_coffee,1.0,1560330626962,428
5pVcV5V,hazelnut_cappuccino,1.0,1560337492657,429
qpzNDzybrsi,expresso,1.0,1560339182154,430
2qDLEBNv,chocolate,1.0,1560340893506,431
P5BAwzTfB,hazelnut_cappuccino,1.0,1560341883396,432
Vhpk5shpkk,decaffeinated,1.0,1560343094133,433
jb1CjU1HF,milk_coffee,1.0,1560348061887,434
CuAgSlJwl,milk_coffee,1.0,1560403422988,435
gKUuuzg9,milk_coffee,1.0,1560407485124,436
93xlxT,chocolate,1.0,1560411889423,437
D6F0qp7s7,milk_coffee,1.0,1560415052395,438
5pVcV5V,hazelnut_cappuccino,1.0,1560416395848,439
gKUuuzg9,milk_coffee,1.0,1560416428380,440
ymETMF4M4,capuccino,1.0,1560416898314,441
2qDLEBNv,long_coffee,1.0,1560417509535,442
5pVcV5V,hazelnut_cappuccino,1.0,1560423851916,443
gKUuuzg9,milk_coffee,1.0,1560423959137,444
CuAgSlJwl,milk_coffee,1.0,1560424691735,445
Vhpk5shpkk,decaffeinated,1.0,1560426846340,446
FmxgvxmU,cortado,1.0,1560430146879,447
Vhpk5shpkk,arabiar tea,1.0,1560433946419,448
ymETMF4M4,long_coffee,1.0,1560434662747,449
CkfZksM2rBrL,cortado,1.0,1560435840128,450
jb1CjU1HF,chocolate,1.0,1560438807392,451
qpzNDzybrsi,expresso,1.0,1560438839817,452
5pVcV5V,hazelnut_cappuccino,1.0,1560493470284,453
gKUuuzg9,milk_coffee,1.0,1560493500722,454
CuAgSlJwl,milk_coffee,1.0,1560493916297,455
D6F0qp7s7,milk_coffee,1.0,1560496729064,456
5pVcV5V,hazelnut_cappuccino,1.0,1560502837523,457
gKUuuzg9,milk_coffee,1.0,1560502838244,458
93xlxT,chocolate,1.0,1560503662046,459
qpzNDzybrsi,expresso,1.0,1560505511381,460
IQtg13hB,expresso,1.0,1560513097524,461
Vhpk5shpkk,decaffeinated,1.0,1560513152843,462
P5BAwzTfB,hazelnut_cappuccino,1.0,1560513707383,463
Vhpk5shpkk,arabiar tea,1.0,1560521686595,464
CuAgSlJwl,milk_coffee,1.0,1560602996081,465
gKUuuzg9,milk_coffee,1.0,1560752373539,466
5pVcV5V,chocolate,1.0,1560752402290,467
2qDLEBNv,long_coffee,1.0,1560752935601,468
5pVcV5V,hazelnut_cappuccino,1.0,1560761137868,469
gKUuuzg9,milk_coffee,1.0,1560761229864,470
2qDLEBNv,chocolate,1.0,1560762298557,471
Vhpk5shpkk,decaffeinated,1.0,1560764557836,472
5pVcV5V,hazelnut_cappuccino,1.0,1560770009962,473
gKUuuzg9,milk_coffee,1.0,1560770034553,474
CuAgSlJwl,milk_coffee,1.0,1560771525008,475
TRFKSXv,expresso,1.0,1560787241249,476
5pVcV5V,chocolate,1.0,1560839458498,478
gKUuuzg9,milk_coffee,1.0,1560839488748,479
2qDLEBNv,milk_coffee,1.0,1560839920215,480
qpzNDzybrsi,expresso,1.0,1560839947488,481
IQtg13hB,expresso,1.0,1560845976626,482
D6F0qp7s7,milk_coffee,1.0,1560847862890,483
5pVcV5V,hazelnut_cappuccino,1.0,1560857244024,484
gKUuuzg9,milk_coffee,1.0,1560857277092,485
CuAgSlJwl,milk_coffee,1.0,1560858810162,486
P5BAwzTfB,hazelnut_cappuccino,1.0,1560858812505,487
5pVcV5V,chocolate,1.0,1560925017221,488
CuAgSlJwl,milk_coffee,1.0,1560926729991,489
93xlxT,chocolate,1.0,1560930258939,490
M8TX69h8,milk_coffee,1.0,1560932060830,491
5pVcV5V,hazelnut_cappuccino,1.0,1560935047508,492
gKUuuzg9,milk_coffee,1.0,1560935086113,493
P5BAwzTfB,txokolate white,1.0,1560936453498,494
CuAgSlJwl,milk_coffee,1.0,1560938866010,495
5pVcV5V,hazelnut_cappuccino,1.0,1560942659470,496
gKUuuzg9,milk_coffee,1.0,1560942751570,497
Vhpk5shpkk,decaffeinated,1.0,1560951214228,498
IQtg13hB,expresso,1.0,1560957815395,499
gKUuuzg9,milk_coffee,1.0,1561011805053,500
5pVcV5V,hazelnut_cappuccino,1.0,1561011828736,501
D6F0qp7s7,milk_coffee,1.0,1561018201844,502
M8TX69h8,milk_coffee,1.0,1561018252937,503
ymETMF4M4,capuccino,1.0,1561019513217,504
jb1CjU1HF,milk_coffee,1.0,1561029564703,505
qpzNDzybrsi,expresso,1.0,1561029593100,506
IQtg13hB,expresso,1.0,1561032425783,507
Vhpk5shpkk,decaffeinated,1.0,1561034376881,508
gKUuuzg9,milk_coffee,1.0,1561097850651,509
5pVcV5V,chocolate,1.0,1561097852524,510
Vhpk5shpkk,expresso,1.0,1561101750109,511
M8TX69h8,milk_coffee,1.0,1561104189763,512
D6F0qp7s7,milk_coffee,1.0,1561104204083,513
IQtg13hB,expresso,1.0,1561105304731,514
5pVcV5V,hazelnut_cappuccino,1.0,1561107643580,515
qpzNDzybrsi,expresso,1.0,1561107655417,516
CuAgSlJwl,milk_coffee,1.0,1561116184002,517
2qDLEBNv,milk_coffee,1.0,1561116621683,518
CuAgSlJwl,milk_coffee,1.0,1561121859754,519
CuAgSlJwl,milk_coffee,1.0,1561447263191,520
FmxgvxmU,cortado,1.0,1561454797658,521
5pVcV5V,hazelnut_cappuccino,1.0,1561615300904,522
gKUuuzg9,milk_coffee,1.0,1561615326199,523
FmxgvxmU,milk_coffee,1.0,1561618746131,524
IQtg13hB,expresso,1.0,1561618954330,525
D6F0qp7s7,milk_coffee,1.0,1561623068568,526
5pVcV5V,hazelnut_cappuccino,1.0,1561626113868,527
FmxgvxmU,cortado,1.0,1561626142201,528
P5BAwzTfB,hazelnut_cappuccino,1.0,1561634615253,529
gKUuuzg9,milk_coffee,1.0,1561635139170,530
Vhpk5shpkk,capuccino,1.0,1561646972712,531
5pVcV5V,chocolate,1.0,1561702810888,532
gKUuuzg9,milk_coffee,1.0,1561702833157,533
CuAgSlJwl,milk_coffee,1.0,1561704809206,534
M8TX69h8,milk_coffee,1.0,1561707631697,535
D6F0qp7s7,milk_coffee,1.0,1561707652232,536
5pVcV5V,hazelnut_cappuccino,1.0,1561712136274,537
gKUuuzg9,milk_coffee,1.0,1561712656343,538
CuAgSlJwl,milk_coffee,1.0,1561722699870,539
Vhpk5shpkk,decaffeinated,1.0,1561728415633,540
CuAgSlJwl,milk_coffee,1.0,1561877753316,541
CuAgSlJwl,milk_coffee,1.0,1561962735738,542
5pVcV5V,chocolate,1.0,1561963961028,543
gKUuuzg9,milk_coffee,1.0,1561963986474,544
IQtg13hB,expresso,1.0,1561969002997,545
gKUuuzg9,milk_coffee,1.0,1561970392313,546
5pVcV5V,hazelnut_cappuccino,1.0,1561971025571,547
FmxgvxmU,cortado,1.0,1561972114957,548
93xlxT,chocolate,1.0,1561975009373,549
gKUuuzg9,milk_coffee,1.0,1561980001187,550
5pVcV5V,hazelnut_cappuccino,1.0,1561980023109,551
CkfZksM2rBrL,cortado,1.0,1561980641966,552
IQtg13hB,expresso,1.0,1561982141135,553
Vhpk5shpkk,decaffeinated,1.0,1561988655191,554
5pVcV5V,chocolate,1.0,1561991688034,555
5pVcV5V,chocolate,1.0,1562048846405,556
gKUuuzg9,milk_coffee,1.0,1562048865793,557
CuAgSlJwl,milk_coffee,1.0,1562057402719,558
5pVcV5V,hazelnut_cappuccino,1.0,1562058229593,559
5pVcV5V,hazelnut_cappuccino,1.0,1562066328403,560
gKUuuzg9,milk_coffee,1.0,1562066353102,561
CuAgSlJwl,milk_coffee,1.0,1562066531768,562
D6F0qp7s7,milk_coffee,1.0,1562143751783,564
IQtg13hB,expresso,1.0,1562154658835,565
D6F0qp7s7,cortado,1.0,1562157822730,566
ymETMF4M4,capuccino,1.0,1562159111379,567
Vhpk5shpkk,expresso,1.0,1562159182391,568
93xlxT,chocolate,1.0,1562168342783,569
5pVcV5V,chocolate,1.0,1562220572925,570
gKUuuzg9,milk_coffee,1.0,1562220574631,571
D6F0qp7s7,milk_coffee,1.0,1562225447210,572
M8TX69h8,milk_coffee,1.0,1562225719144,573
FmxgvxmU,cortado,1.0,1562226633925,574
gKUuuzg9,milk_coffee,1.0,1562229072236,575
P5BAwzTfB,hazelnut_cappuccino,1.0,1562230515650,576
ymETMF4M4,capuccino,1.0,1562231396113,577
d4guBrpB,cortado,1.0,1562231551705,578
FmxgvxmU,cortado,1.0,1562231563604,579
CuAgSlJwl,milk_coffee,1.0,1562233188774,580
93xlxT,chocolate,1.0,1562234495390,581
P5BAwzTfB,hazelnut_cappuccino,1.0,1562239767017,582
CuAgSlJwl,milk_coffee,1.0,1562239793020,583
93xlxT,chocolate,1.0,1562571598000,584
FmxgvxmU,cortado,1.0,1562571754250,585
D6F0qp7s7,milk_coffee,1.0,1562572394797,586
CuAgSlJwl,milk_coffee,1.0,1562577285973,587
qpzNDzybrsi,expresso,1.0,1562586125008,588
2qDLEBNv,long_coffee,1.0,1562586127123,589
M8TX69h8,milk_coffee,1.0,1562586679986,590
D6F0qp7s7,cortado,1.0,1562586737230,591
FmxgvxmU,cortado,1.0,1562587618731,592
gKUuuzg9,milk_coffee,1.0,1562653345615,593
5pVcV5V,chocolate,1.0,1562653363820,594
D6F0qp7s7,milk_coffee,1.0,1562661804419,595
5pVcV5V,hazelnut_cappuccino,1.0,1562662828721,596
5pVcV5V,hazelnut_cappuccino,1.0,1562670965954,597
D6F0qp7s7,chocolate_milk,1.0,1562676023566,598
Vhpk5shpkk,hazelnut_cappuccino,1.0,1562677783431,599
D6F0qp7s7,milk_coffee,1.0,1562744881136,600
IQtg13hB,expresso,1.0,1562746723945,601
OJwzAJ33l,long_coffee,1.0,1562746827787,602
P5BAwzTfB,capuccino,1.0,1562750023553,603
Vhpk5shpkk,arabiar tea,1.0,1562750602543,604
gKUuuzg9,milk_coffee,1.0,1562756745986,605
5pVcV5V,hazelnut_cappuccino,1.0,1562756860835,606
D6F0qp7s7,chocolate_milk,1.0,1562762593313,607
CuAgSlJwl,milk_coffee,1.0,1562765687726,608
D6F0qp7s7,milk_coffee,1.0,1562831676528,609
CuAgSlJwl,milk_coffee,1.0,1562843392823,610
P5BAwzTfB,capuccino,1.0,1562843404951,611
M8TX69h8,milk_coffee,1.0,1562844506732,612
D6F0qp7s7,cortado,1.0,1562844534771,613
gKUuuzg9,milk_coffee,1.0,1562912887233,614
FmxgvxmU,cortado,1.0,1562922520200,615
CuAgSlJwl,milk_coffee,1.0,1562932242467,616
Vhpk5shpkk,decaffeinated,1.0,1562937657195,617
CuAgSlJwl,milk_coffee,1.0,1563087790602,618
qpzNDzybrsi,expresso,1.0,1563173183505,619
CuAgSlJwl,milk_coffee,1.0,1563176032630,620
qpzNDzybrsi,expresso,1.0,1563183005060,621
CuAgSlJwl,milk_coffee,1.0,1563193096491,622
CuAgSlJwl,milk_coffee,1.0,1563255132403,623
D6F0qp7s7,milk_coffee,1.0,1563263595629,624
Vhpk5shpkk,decaffeinated,1.0,1563266970928,625
d4guBrpB,cortado decaffeinated,1.0,1563268549794,626
CuAgSlJwl,milk_coffee,1.0,1563352206844,627
93xlxT,chocolate,1.0,1563357314856,628
Vhpk5shpkk,decaffeinated,1.0,1563364690678,629
ymETMF4M4,capuccino,1.0,1563458926589,630
ymETMF4M4,capuccino,1.0,1563543007007,631
CuAgSlJwl,milk_coffee,1.0,1563603708665,632
CuAgSlJwl,milk_coffee,1.0,1563612069259,633
D6F0qp7s7,milk_coffee,1.0,1563787375035,634
FmxgvxmU,cortado,1.0,1563878455539,635
Vhpk5shpkk,arabiar tea,1.0,1563886987223,636
FmxgvxmU,cortado,1.0,1563958016116,637
CuAgSlJwl,milk_coffee,1.0,1563958041082,638
Vhpk5shpkk,decaffeinated,1.0,1563970206316,639
93xlxT,chocolate,1.0,1564475410809,640
FmxgvxmU,cortado,1.0,1567673136585,641
93xlxT,chocolate,1.0,1567673243990,642
93xlxT,chocolate,1.0,1567700113549,643
93xlxT,chocolate,1.0,1568818245291,644
93xlxT,chocolate,1.0,1569509751991,645
93xlxT,chocolate,1.0,1570460024448,646
FmxgvxmU,cortado,1.0,1570610688889,647
93xlxT,chocolate,1.0,1570610713512,648
FmxgvxmU,chocolate,1.0,1571068010514,649
FmxgvxmU,cortado,1.0,1571128807117,650
FmxgvxmU,cortado,1.0,1571135194334,651
FmxgvxmU,cortado,1.0,1571724542716,652
2qDLEBNv,milk_coffee,1.0,1571724561878,653
5pVcV5V,milk_coffee,1.0,1571724654341,654
2qDLEBNv,expresso,1.0,1571745110900,655
2qDLEBNv,expresso,1.0,1571745259515,656
2qDLEBNv,expresso,1.0,1571745275067,657
93xlxT,chocolate,1.0,1571841252273,658
2qDLEBNv,milk_coffee,1.0,1572353199267,659
FmxgvxmU,cortado,1.0,1572353223993,660
93xlxT,chocolate,1.0,1573060211697,661
93xlxT,chocolate,1.0,1573141436584,662
93xlxT,chocolate,1.0,1573635710307,663
93xlxT,chocolate,1.0,1574161362243,664
d4guBrpB,expresso,1.0,1576070154615,665
93xlxT,expresso,1.0,1576159099707,666
93xlxT,chocolate,1.0,1576499184992,667
FmxgvxmU,expresso,1.0,1578901378433,668
d4guBrpB,capuccino,1.0,1579013058781,669
FmxgvxmU,expresso,1.0,1579180467072,670
d4guBrpB,expresso,1.0,1579180723589,671
FmxgvxmU,cortado,1.0,1579183465802,672
93xlxT,hazelnut_cappuccino,1.0,1579185269856,673
D6F0qp7s7,cortado,1.0,1579528814853,674
FmxgvxmU,cortado,1.0,1579534977409,675
FmxgvxmU,cortado,1.0,1579611364821,676
D6F0qp7s7,milk_coffee,1.0,1579687426923,677
D6F0qp7s7,cortado,1.0,1579702544262,678
FmxgvxmU,cortado,1.0,1579870444343,679
d4guBrpB,cortado,1.0,1579874040399,680
FmxgvxmU,cortado,1.0,1579874163742,681
D6F0qp7s7,cortado,1.0,1579874460949,682
FmxgvxmU,milk_coffee,1.0,1580106703817,683
FmxgvxmU,cortado,1.0,1580121502353,684
FmxgvxmU,cortado,1.0,1580128800621,685
D6F0qp7s7,milk_coffee,1.0,1580133980133,686
93xlxT,hazelnut_cappuccino,1.0,1580135442575,687
D6F0qp7s7,milk_coffee,1.0,1580203705853,688
D6F0qp7s7,cortado,1.0,1580221076398,689
93xlxT,chocolate,1.0,1580223939169,690
D6F0qp7s7,milk_coffee,1.0,1580288247176,691
D6F0qp7s7,milk_coffee,1.0,1580375223876,692
D6F0qp7s7,cortado,1.0,1580390412242,693
FmxgvxmU,cortado,1.0,1580454506871,694
FmxgvxmU,cortado,1.0,1580464920936,695
5pVcV5V,hazelnut_cappuccino,1.0,1580464969355,696
FmxgvxmU,cortado,1.0,1580477217456,697
CuAgSlJwl,milk_coffee,1.0,1580477280531,698
CuAgSlJwl,milk_coffee,1.0,1580549039943,699
CuAgSlJwl,milk_coffee,1.0,1580628865179,700
CuAgSlJwl,milk_coffee,1.0,1580712295542,701
anH4HDH,capuccino,1.0,1580722159460,702
D6F0qp7s7,milk_coffee,1.0,1580722836842,703
FmxgvxmU,cortado,1.0,1580722906449,704
5pVcV5V,hazelnut_cappuccino,1.0,1580724066250,705
gKUuuzg9,milk_coffee,1.0,1580724098164,706
0WFqeFiPx3K,capuccino decaffeinated,1.0,1580736112813,707
FHZemZ,capuccino,1.0,1580736371367,708
oS7WZT0,milk_coffee,1.0,1580736375122,709
D6F0qp7s7,cortado,1.0,1580736379349,710
FmxgvxmU,cortado,1.0,1580736526028,711
anH4HDH,capuccino,1.0,1580737043871,712
anH4HDH,expresso,1.0,1580741309118,713
anH4HDH,expresso,1.0,1580741328295,714
oS7WZT0,milk_coffee,1.0,1580743122608,715
FHZemZ,milk_coffee,1.0,1580743404176,716
5pVcV5V,chocolate,1.0,1580806850753,717
D6F0qp7s7,milk_coffee,1.0,1580807520623,718
anH4HDH,capuccino,1.0,1580807535186,719
FHZemZ,capuccino,1.0,1580809633679,720
oS7WZT0,milk_coffee,1.0,1580809651141,721
5pVcV5V,hazelnut_cappuccino,1.0,1580810039005,722
CuAgSlJwl,milk_coffee,1.0,1580810433076,723
gKUuuzg9,milk_coffee,1.0,1580810776040,724
5pVcV5V,hazelnut_cappuccino,1.0,1580819804330,725
oS7WZT0,milk_coffee,1.0,1580819814597,726
FHZemZ,milk_coffee,1.0,1580819834521,727
FHZemZ,capuccino,1.0,1580827870622,728
oS7WZT0,milk_coffee,1.0,1580827886395,729
d4guBrpB,cortado,1.0,1580828952562,730
93xlxT,chocolate,1.0,1580830416023,731
CuAgSlJwl,milk_coffee,1.0,1580883787871,732
FmxgvxmU,cortado,1.0,1580894455095,733
D6F0qp7s7,milk_coffee,1.0,1580894754793,734
anH4HDH,capuccino,1.0,1580894765564,735
oS7WZT0,milk_coffee,1.0,1580896084055,736
5pVcV5V,chocolate,1.0,1580897274354,737
FmxgvxmU,cortado,1.0,1580899210721,738
5pVcV5V,chocolate,1.0,1580902517496,739
oS7WZT0,milk_coffee,1.0,1580906313196,740
FmxgvxmU,cortado,1.0,1580908136870,741
D6F0qp7s7,cortado,1.0,1580910656205,742
oS7WZT0,milk_coffee,1.0,1580914742036,743
FHZemZ,capuccino,1.0,1580914745002,744
d4guBrpB,cortado,1.0,1580916284720,745
5pVcV5V,hazelnut_cappuccino,1.0,1580973168756,746
D6F0qp7s7,milk_coffee,1.0,1580979696953,747
anH4HDH,capuccino,1.0,1580979710327,748
FmxgvxmU,cortado,1.0,1580981599891,749
FmxgvxmU,cortado,1.0,1580981632765,750
uhDooz5uD,expresso,1.0,1580981711004,751
oS7WZT0,milk_coffee,1.0,1580982070705,752
FHZemZ,capuccino,1.0,1580982573169,753
5pVcV5V,hazelnut_cappuccino,1.0,1580983052513,754
5pVcV5V,hazelnut_cappuccino,1.0,1580990747319,755
D6F0qp7s7,cortado,1.0,1580994933602,756
oS7WZT0,milk_coffee,1.0,1580995469034,757
FHZemZ,capuccino,1.0,1580995506317,758
FmxgvxmU,cortado,1.0,1580996026454,759
93xlxT,chocolate,1.0,1581001393330,760
FHZemZ,capuccino,1.0,1581001731477,761
oS7WZT0,milk_coffee,1.0,1581001805575,762
5pVcV5V,hazelnut_cappuccino,1.0,1581058403333,763
5pVcV5V,hazelnut_cappuccino,1.0,1581068783215,764
oS7WZT0,milk_coffee,1.0,1581069093526,765
FHZemZ,capuccino,1.0,1581069910958,766
oS7WZT0,milk_coffee,1.0,1581078135780,767
FHZemZ,capuccino,1.0,1581078163895,768
oS7WZT0,milk_coffee,1.0,1581087382387,769
FHZemZ,capuccino,1.0,1581087432641,770
5pVcV5V,hazelnut_cappuccino,1.0,1581318620741,771
FmxgvxmU,cortado,1.0,1581323667924,772
oS7WZT0,milk_coffee,1.0,1581327858485,773
FHZemZ,capuccino,1.0,1581327880887,774
d4guBrpB,cortado,1.0,1581328683138,775
FmxgvxmU,cortado,1.0,1581331734635,776
5pVcV5V,hazelnut_cappuccino,1.0,1581336755457,777
gKUuuzg9,milk_coffee,1.0,1581336956057,778
FHZemZ,capuccino,1.0,1581337294229,779
oS7WZT0,milk_coffee,1.0,1581337308701,780
2qDLEBNv,long_coffee,1.0,1581338233538,781
anH4HDH,capuccino,1.0,1581342630765,782
D6F0qp7s7,cortado,1.0,1581342635941,783
oS7WZT0,milk_coffee,1.0,1581346776027,784
2qDLEBNv,long_coffee,1.0,1581408055261,785
FmxgvxmU,cortado,1.0,1581409992282,786
d4guBrpB,cortado,1.0,1581411296220,787
5pVcV5V,chocolate,1.0,1581412858353,788
CuAgSlJwl,milk_coffee,1.0,1581416162623,789
gKUuuzg9,milk_coffee,1.0,1581492331000,790
CuAgSlJwl,milk_coffee,1.0,1581495246000,791
5pVcV5V,hazelnut_cappuccino,1.0,1581498203000,792
93xlxT,chocolate,1.0,1581501255000,793
d4guBrpB,cortado,1.0,1581502000000,794
FmxgvxmU,cortado,1.0,1581513673000,795
D6F0qp7s7,cortado,1.0,1581515496000,796
CuAgSlJwl,milk_coffee,1.0,1581573734000,797
gKUuuzg9,milk_coffee,1.0,1581577827000,798
5pVcV5V,hazelnut_cappuccino,1.0,1581586930000,799
d4guBrpB,cortado,1.0,1581588221000,800
FmxgvxmU,cortado,1.0,1581600802000,801
D6F0qp7s7,cortado,1.0,1581601600000,802
93xlxT,chocolate,1.0,1581609312000,803
CuAgSlJwl,cortado,1.0,1581670266000,804
d4guBrpB,cortado decaffeinated,1.0,1581672003000,805
gKUuuzg9,chocolate,1.0,1581673161000,806
5pVcV5V,chocolate,1.0,1581673635000,807
FmxgvxmU,cortado,1.0,1581686406000,808
D6F0qp7s7,cortado,1.0,1581686799000,809
93xlxT,cortado decaffeinated,1.0,1581694585000,810
5pVcV5V,hazelnut_cappuccino,1.0,1581923931000,811
gKUuuzg9,milk_coffee,1.0,1581924066000,812
d4guBrpB,cortado,1.0,1581933300000,813
CuAgSlJwl,milk_coffee,1.0,1581937973000,814
FmxgvxmU,cortado,1.0,1581938726000,815
D6F0qp7s7,cortado,1.0,1581949793000,816
93xlxT,chocolate,1.0,1581954636000,817
CuAgSlJwl,milk_coffee,1.0,1582013291000,818
gKUuuzg9,milk_coffee,1.0,1582018701000,819
5pVcV5V,hazelnut_cappuccino,1.0,1582023869000,820
FmxgvxmU,cortado,1.0,1582026154000,821
D6F0qp7s7,cortado,1.0,1582036485000,822
93xlxT,chocolate,1.0,1582040489000,823
d4guBrpB,cortado,1.0,1582043798000,824
FmxgvxmU,cortado,1.0,1582096763000,825
CuAgSlJwl,cortado,1.0,1582102150000,826
d4guBrpB,cortado decaffeinated,1.0,1582103721000,827
93xlxT,cortado decaffeinated,1.0,1582106163000,828
gKUuuzg9,chocolate,1.0,1582114186000,829
D6F0qp7s7,cortado,1.0,1582118996000,830
5pVcV5V,chocolate,1.0,1582119122000,831
gKUuuzg9,milk_coffee,1.0,1582189227000,832
d4guBrpB,cortado,1.0,1582190359000,833
FmxgvxmU,cortado,1.0,1582191862000,834
CuAgSlJwl,milk_coffee,1.0,1582198019000,835
5pVcV5V,hazelnut_cappuccino,1.0,1582204326000,836
D6F0qp7s7,cortado,1.0,1582206034000,837
93xlxT,chocolate,1.0,1582213157000,838
CuAgSlJwl,milk_coffee,1.0,1582267869000,839
d4guBrpB,cortado,1.0,1582275663000,840
gKUuuzg9,milk_coffee,1.0,1582277728000,841
93xlxT,chocolate,1.0,1582277775000,842
5pVcV5V,hazelnut_cappuccino,1.0,1582277949000,843
FmxgvxmU,cortado,1.0,1582284343000,844
D6F0qp7s7,cortado,1.0,1582289629000,845
gKUuuzg9,chocolate,1.0,1582527740000,846
5pVcV5V,chocolate,1.0,1582529451000,847
CuAgSlJwl,cortado,1.0,1582534707000,848
FmxgvxmU,cortado,1.0,1582538253000,849
d4guBrpB,cortado decaffeinated,1.0,1582539040000,850
D6F0qp7s7,cortado,1.0,1582553743000,851
93xlxT,cortado decaffeinated,1.0,1582559599000,852
gKUuuzg9,milk_coffee,1.0,1582614493000,853
FmxgvxmU,cortado,1.0,1582614914000,854
d4guBrpB,cortado,1.0,1582625135000,855
CuAgSlJwl,milk_coffee,1.0,1582628699000,856
5pVcV5V,hazelnut_cappuccino,1.0,1582628832000,857
D6F0qp7s7,cortado,1.0,1582637369000,858
93xlxT,chocolate,1.0,1582645172000,859
gKUuuzg9,milk_coffee,1.0,1582700716000,860
FmxgvxmU,cortado,1.0,1582701847000,861
CuAgSlJwl,milk_coffee,1.0,1582704731000,862
5pVcV5V,hazelnut_cappuccino,1.0,1582710846000,863
D6F0qp7s7,cortado,1.0,1582726620000,864
93xlxT,chocolate,1.0,1582729299000,865
d4guBrpB,cortado,1.0,1582734090000,866
CuAgSlJwl,cortado,1.0,1582783231000,867
93xlxT,cortado decaffeinated,1.0,1582796832000,868
gKUuuzg9,chocolate,1.0,1582805456000,869
FmxgvxmU,cortado,1.0,1582808770000,870
5pVcV5V,chocolate,1.0,1582809710000,871
D6F0qp7s7,cortado,1.0,1582812941000,872
d4guBrpB,cortado decaffeinated,1.0,1582821271000,873
CuAgSlJwl,milk_coffee,1.0,1582872743000,874
gKUuuzg9,milk_coffee,1.0,1582874191000,875
d4guBrpB,cortado,1.0,1582881012000,876
93xlxT,chocolate,1.0,1582882452000,877
FmxgvxmU,cortado,1.0,1582890575000,878
5pVcV5V,hazelnut_cappuccino,1.0,1582895162000,879
D6F0qp7s7,cortado,1.0,1582898819000,880
93xlxT,chocolate,1.0,1582968915000,881
d4guBrpB,cortado,1.0,1582970491000,882
CuAgSlJwl,milk_coffee,1.0,1582975189000,883
gKUuuzg9,milk_coffee,1.0,1582978117000,884
D6F0qp7s7,cortado,1.0,1582980827000,885
FmxgvxmU,cortado,1.0,1582982245000,886
5pVcV5V,hazelnut_cappuccino,1.0,1582982332000,887
CuAgSlJwl,cortado,1.0,1583131986000,888
5pVcV5V,chocolate,1.0,1583133704000,889
gKUuuzg9,chocolate,1.0,1583142814000,890
FmxgvxmU,cortado,1.0,1583142816000,891
93xlxT,cortado decaffeinated,1.0,1583142902000,892
d4guBrpB,cortado decaffeinated,1.0,1583143342000,893
D6F0qp7s7,cortado,1.0,1583159698000,894
CuAgSlJwl,milk_coffee,1.0,1583218266000,895
5pVcV5V,hazelnut_cappuccino,1.0,1583220291000,896
FmxgvxmU,cortado,1.0,1583220606000,897
gKUuuzg9,milk_coffee,1.0,1583238757000,898
D6F0qp7s7,cortado,1.0,1583242532000,899
93xlxT,chocolate,1.0,1583250876000,900
d4guBrpB,cortado,1.0,1583253197000,901
CuAgSlJwl,milk_coffee,1.0,1583301932000,902
FmxgvxmU,cortado,1.0,1583306239000,903
5pVcV5V,hazelnut_cappuccino,1.0,1583312725000,904
93xlxT,chocolate,1.0,1583314455000,905
gKUuuzg9,milk_coffee,1.0,1583315075000,906
D6F0qp7s7,cortado,1.0,1583331061000,907
d4guBrpB,cortado,1.0,1583338518000,908
gKUuuzg9,chocolate,1.0,1583392090000,909
CuAgSlJwl,cortado,1.0,1583396006000,910
FmxgvxmU,cortado,1.0,1583401878000,911
5pVcV5V,chocolate,1.0,1583414629000,912
D6F0qp7s7,cortado,1.0,1583418716000,913
d4guBrpB,cortado decaffeinated,1.0,1583420150000,914
93xlxT,cortado decaffeinated,1.0,1583423261000,915
FmxgvxmU,cortado,1.0,1583478545000,916
CuAgSlJwl,milk_coffee,1.0,1583481806000,917
5pVcV5V,hazelnut_cappuccino,1.0,1583487492000,918
93xlxT,chocolate,1.0,1583487680000,919
d4guBrpB,cortado,1.0,1583488699000,920
gKUuuzg9,milk_coffee,1.0,1583497547000,921
D6F0qp7s7,cortado,1.0,1583505360000,922
gKUuuzg9,milk_coffee,1.0,1583737409000,923
5pVcV5V,hazelnut_cappuccino,1.0,1583738264000,924
CuAgSlJwl,milk_coffee,1.0,1583743518000,925
FmxgvxmU,cortado,1.0,1583744479000,926
d4guBrpB,cortado,1.0,1583749110000,927
D6F0qp7s7,cortado,1.0,1583760335000,928
93xlxT,chocolate,1.0,1583768414000,929
FmxgvxmU,cortado,1.0,1583825480000,930
93xlxT,cortado decaffeinated,1.0,1583832737000,931
gKUuuzg9,chocolate,1.0,1583833474000,932
CuAgSlJwl,cortado,1.0,1583839257000,933
5pVcV5V,chocolate,1.0,1583839477000,934
D6F0qp7s7,cortado,1.0,1583850338000,935
d4guBrpB,cortado decaffeinated,1.0,1583857997000,936
gKUuuzg9,milk_coffee,1.0,1583910691000,937
5pVcV5V,hazelnut_cappuccino,1.0,1583919628000,938
d4guBrpB,cortado,1.0,1583921679000,939
CuAgSlJwl,milk_coffee,1.0,1583925587000,940
FmxgvxmU,cortado,1.0,1583926051000,941
D6F0qp7s7,cortado,1.0,1583935787000,942
93xlxT,chocolate,1.0,1583941652000,943
CuAgSlJwl,milk_coffee,1.0,1584000308000,944
gKUuuzg9,milk_coffee,1.0,1584006383000,945
d4guBrpB,cortado,1.0,1584006980000,946
5pVcV5V,hazelnut_cappuccino,1.0,1584011310000,947
FmxgvxmU,cortado,1.0,1584012457000,948
D6F0qp7s7,cortado,1.0,1584022664000,949
93xlxT,chocolate,1.0,1584027338000,950
d4guBrpB,cortado decaffeinated,1.0,1584090246000,951
FmxgvxmU,cortado,1.0,1584093557000,952
CuAgSlJwl,cortado,1.0,1584097773000,953
gKUuuzg9,chocolate,1.0,1584101097000,954
5pVcV5V,chocolate,1.0,1584105772000,955
D6F0qp7s7,cortado,1.0,1584106899000,956
93xlxT,cortado decaffeinated,1.0,1584111638000,957
CuAgSlJwl,milk_coffee,1.0,1584338667000,958
d4guBrpB,cortado,1.0,1584353006000,959
gKUuuzg9,milk_coffee,1.0,1584361621000,960
FmxgvxmU,cortado,1.0,1584364630000,961
5pVcV5V,hazelnut_cappuccino,1.0,1584365104000,962
D6F0qp7s7,cortado,1.0,1584365372000,963
93xlxT,chocolate,1.0,1584373233000,964
FmxgvxmU,cortado,1.0,1584429003000,965
CuAgSlJwl,milk_coffee,1.0,1584432013000,966
gKUuuzg9,milk_coffee,1.0,1584437956000,967
5pVcV5V,hazelnut_cappuccino,1.0,1584438322000,968
93xlxT,chocolate,1.0,1584438495000,969
D6F0qp7s7,cortado,1.0,1584454715000,970
d4guBrpB,cortado,1.0,1584456232000,971
gKUuuzg9,chocolate,1.0,1584515779000,972
CuAgSlJwl,cortado,1.0,1584521414000,973
93xlxT,cortado decaffeinated,1.0,1584524362000,974
FmxgvxmU,cortado,1.0,1584524426000,975
d4guBrpB,cortado decaffeinated,1.0,1584525368000,976
5pVcV5V,chocolate,1.0,1584530542000,977
D6F0qp7s7,cortado,1.0,1584535365000,978
FmxgvxmU,cortado,1.0,1584603315000,979
CuAgSlJwl,milk_coffee,1.0,1584605595000,980
gKUuuzg9,milk_coffee,1.0,1584610465000,981
d4guBrpB,cortado,1.0,1584612196000,982
5pVcV5V,hazelnut_cappuccino,1.0,1584623816000,983
D6F0qp7s7,cortado,1.0,1584625378000,984
93xlxT,chocolate,1.0,1584633559000,985
CuAgSlJwl,milk_coffee,1.0,1584694759000,986
93xlxT,chocolate,1.0,1584697873000,987
FmxgvxmU,cortado,1.0,1584705039000,988
gKUuuzg9,milk_coffee,1.0,1584706422000,989
D6F0qp7s7,cortado,1.0,1584707579000,990
5pVcV5V,hazelnut_cappuccino,1.0,1584709502000,991
d4guBrpB,cortado,1.0,1584715436000,992
CuAgSlJwl,cortado,1.0,1584953172000,993
d4guBrpB,cortado decaffeinated,1.0,1584955276000,994
FmxgvxmU,cortado,1.0,1584963882000,995
gKUuuzg9,chocolate,1.0,1584965944000,996
5pVcV5V,chocolate,1.0,1584968990000,997
D6F0qp7s7,cortado,1.0,1584973731000,998
93xlxT,cortado decaffeinated,1.0,1584978799000,999
CuAgSlJwl,milk_coffee,1.0,1585032630000,1000
FmxgvxmU,cortado,1.0,1585034116000,1001
d4guBrpB,cortado,1.0,1585040636000,1002
93xlxT,chocolate,1.0,1585042626000,1003
gKUuuzg9,milk_coffee,1.0,1585043795000,1004
5pVcV5V,hazelnut_cappuccino,1.0,1585055224000,1005
D6F0qp7s7,cortado,1.0,1585057539000,1006
d4guBrpB,cortado,1.0,1585127777000,1007
5pVcV5V,hazelnut_cappuccino,1.0,1585129521000,1008
CuAgSlJwl,milk_coffee,1.0,1585135259000,1009
FmxgvxmU,cortado,1.0,1585136847000,1010
gKUuuzg9,milk_coffee,1.0,1585139082000,1011
D6F0qp7s7,cortado,1.0,1585148338000,1012
93xlxT,chocolate,1.0,1585151900000,1013
5pVcV5V,chocolate,1.0,1585207304000,1014
93xlxT,cortado decaffeinated,1.0,1585216406000,1015
CuAgSlJwl,cortado,1.0,1585221160000,1016
FmxgvxmU,cortado,1.0,1585222047000,1017
gKUuuzg9,chocolate,1.0,1585225428000,1018
D6F0qp7s7,cortado,1.0,1585231356000,1019
d4guBrpB,cortado decaffeinated,1.0,1585234799000,1020
gKUuuzg9,milk_coffee,1.0,1585292725000,1021
FmxgvxmU,cortado,1.0,1585294042000,1022
CuAgSlJwl,milk_coffee,1.0,1585307018000,1023
5pVcV5V,hazelnut_cappuccino,1.0,1585307135000,1024
D6F0qp7s7,cortado,1.0,1585319273000,1025
d4guBrpB,cortado,1.0,1585320767000,1026
93xlxT,chocolate,1.0,1585323567000,1027
5pVcV5V,hazelnut_cappuccino,1.0,1585548481000,1028
FmxgvxmU,cortado,1.0,1585549869000,1029
gKUuuzg9,milk_coffee,1.0,1585557211000,1030
d4guBrpB,cortado,1.0,1585559261000,1031
CuAgSlJwl,milk_coffee,1.0,1585563780000,1032
D6F0qp7s7,cortado,1.0,1585574317000,1033
93xlxT,chocolate,1.0,1585576840000,1034
5pVcV5V,chocolate,1.0,1585635295000,1035
d4guBrpB,cortado decaffeinated,1.0,1585642504000,1036
gKUuuzg9,chocolate,1.0,1585644566000,1037
CuAgSlJwl,cortado,1.0,1585650182000,1038
FmxgvxmU,cortado,1.0,1585658045000,1039
D6F0qp7s7,cortado,1.0,1585661995000,1040
93xlxT,cortado decaffeinated,1.0,1585666272000,1041
gKUuuzg9,milk_coffee,1.0,1585721409000,1042
CuAgSlJwl,milk_coffee,1.0,1585727468000,1043
5pVcV5V,hazelnut_cappuccino,1.0,1585730190000,1044
d4guBrpB,cortado,1.0,1585735163000,1045
FmxgvxmU,cortado,1.0,1585737027000,1046
D6F0qp7s7,cortado,1.0,1585741187000,1047
93xlxT,chocolate,1.0,1585752197000,1048
gKUuuzg9,milk_coffee,1.0,1585807873000,1049
5pVcV5V,hazelnut_cappuccino,1.0,1585808382000,1050
93xlxT,chocolate,1.0,1585817234000,1051
CuAgSlJwl,milk_coffee,1.0,1585821949000,1052
FmxgvxmU,cortado,1.0,1585823373000,1053
D6F0qp7s7,cortado,1.0,1585835075000,1054
d4guBrpB,cortado,1.0,1585840288000,1055
CuAgSlJwl,cortado,1.0,1585900338000,1056
FmxgvxmU,cortado,1.0,1585910930000,1057
gKUuuzg9,chocolate,1.0,1585912300000,1058
D6F0qp7s7,cortado,1.0,1585914279000,1059
5pVcV5V,chocolate,1.0,1585916877000,1060
93xlxT,cortado decaffeinated,1.0,1585925844000,1061
d4guBrpB,cortado decaffeinated,1.0,1585927105000,1062
CuAgSlJwl,milk_coffee,1.0,1586149289000,1063
gKUuuzg9,milk_coffee,1.0,1586154385000,1064
FmxgvxmU,cortado,1.0,1586154605000,1065
93xlxT,chocolate,1.0,1586161888000,1066
5pVcV5V,hazelnut_cappuccino,1.0,1586167654000,1067
D6F0qp7s7,cortado,1.0,1586178939000,1068
d4guBrpB,cortado,1.0,1586186194000,1069
gKUuuzg9,milk_coffee,1.0,1586239688000,1070
CuAgSlJwl,milk_coffee,1.0,1586245769000,1071
5pVcV5V,hazelnut_cappuccino,1.0,1586248813000,1072
93xlxT,chocolate,1.0,1586249589000,1073
FmxgvxmU,cortado,1.0,1586256826000,1074
D6F0qp7s7,cortado,1.0,1586263720000,1075
d4guBrpB,cortado,1.0,1586267396000,1076
CuAgSlJwl,cortado,1.0,1586322561000,1077
gKUuuzg9,chocolate,1.0,1586335158000,1078
93xlxT,cortado decaffeinated,1.0,1586335626000,1079
d4guBrpB,cortado decaffeinated,1.0,1586337147000,1080
FmxgvxmU,cortado,1.0,1586343270000,1081
5pVcV5V,chocolate,1.0,1586348764000,1082
D6F0qp7s7,cortado,1.0,1586352644000,1083
CuAgSlJwl,milk_coffee,1.0,1586409439000,1084
gKUuuzg9,milk_coffee,1.0,1586413819000,1085
FmxgvxmU,cortado,1.0,1586421799000,1086
d4guBrpB,cortado,1.0,1586423000000,1087
5pVcV5V,hazelnut_cappuccino,1.0,1586426834000,1088
D6F0qp7s7,cortado,1.0,1586432645000,1089
93xlxT,chocolate,1.0,1586443051000,1090
FmxgvxmU,cortado,1.0,1586505632000,1091
5pVcV5V,hazelnut_cappuccino,1.0,1586507953000,1092
93xlxT,chocolate,1.0,1586508144000,1093
CuAgSlJwl,milk_coffee,1.0,1586513622000,1094
gKUuuzg9,milk_coffee,1.0,1586518003000,1095
D6F0qp7s7,cortado,1.0,1586525439000,1096
d4guBrpB,cortado,1.0,1586532499000,1097
CuAgSlJwl,cortado,1.0,1586754560000,1098
gKUuuzg9,chocolate,1.0,1586757921000,1099
5pVcV5V,chocolate,1.0,1586758322000,1100
FmxgvxmU,cortado,1.0,1586768005000,1101
D6F0qp7s7,cortado,1.0,1586784221000,1102
d4guBrpB,cortado decaffeinated,1.0,1586785023000,1103
93xlxT,cortado decaffeinated,1.0,1586789013000,1104
gKUuuzg9,milk_coffee,1.0,1586854235000,1105
93xlxT,chocolate,1.0,1586854581000,1106
d4guBrpB,cortado,1.0,1586855321000,1107
CuAgSlJwl,milk_coffee,1.0,1586858742000,1108
FmxgvxmU,cortado,1.0,1586861020000,1109
5pVcV5V,hazelnut_cappuccino,1.0,1586861772000,1110
D6F0qp7s7,cortado,1.0,1586872613000,1111
CuAgSlJwl,milk_coffee,1.0,1586934257000,1112
d4guBrpB,cortado,1.0,1586937915000,1113
gKUuuzg9,milk_coffee,1.0,1586940502000,1114
5pVcV5V,hazelnut_cappuccino,1.0,1586953073000,1115
FmxgvxmU,cortado,1.0,1586953680000,1116
D6F0qp7s7,cortado,1.0,1586955704000,1117
93xlxT,chocolate,1.0,1586961930000,1118
FmxgvxmU,cortado,1.0,1587018381000,1119
CuAgSlJwl,cortado,1.0,1587023286000,1120
gKUuuzg9,chocolate,1.0,1587026009000,1121
93xlxT,cortado decaffeinated,1.0,1587027190000,1122
d4guBrpB,cortado decaffeinated,1.0,1587028097000,1123
5pVcV5V,chocolate,1.0,1587031590000,1124
D6F0qp7s7,cortado,1.0,1587037483000,1125
gKUuuzg9,milk_coffee,1.0,1587103768000,1126
CuAgSlJwl,milk_coffee,1.0,1587109808000,1127
d4guBrpB,cortado,1.0,1587110481000,1128
5pVcV5V,hazelnut_cappuccino,1.0,1587112648000,1129
D6F0qp7s7,cortado,1.0,1587123461000,1130
FmxgvxmU,cortado,1.0,1587125520000,1131
93xlxT,chocolate,1.0,1587134260000,1132
CuAgSlJwl,milk_coffee,1.0,1587369072000,1133
5pVcV5V,hazelnut_cappuccino,1.0,1587371906000,1134
93xlxT,chocolate,1.0,1587372548000,1135
gKUuuzg9,milk_coffee,1.0,1587381280000,1136
D6F0qp7s7,cortado,1.0,1587383161000,1137
FmxgvxmU,cortado,1.0,1587384736000,1138
d4guBrpB,cortado,1.0,1587390541000,1139
CuAgSlJwl,cortado,1.0,1587445270000,1140
gKUuuzg9,chocolate,1.0,1587450691000,1141
FmxgvxmU,cortado,1.0,1587466361000,1142
5pVcV5V,chocolate,1.0,1587471892000,1143
D6F0qp7s7,cortado,1.0,1587474177000,1144
93xlxT,cortado decaffeinated,1.0,1587480984000,1145
d4guBrpB,cortado decaffeinated,1.0,1587483161000,1146
FmxgvxmU,cortado,1.0,1587535871000,1147
5pVcV5V,hazelnut_cappuccino,1.0,1587536523000,1148
93xlxT,chocolate,1.0,1587544950000,1149
CuAgSlJwl,milk_coffee,1.0,1587549998000,1150
gKUuuzg9,milk_coffee,1.0,1587554271000,1151
D6F0qp7s7,cortado,1.0,1587556259000,1152
d4guBrpB,cortado,1.0,1587562907000,1153
gKUuuzg9,milk_coffee,1.0,1587622594000,1154
FmxgvxmU,cortado,1.0,1587623307000,1155
5pVcV5V,hazelnut_cappuccino,1.0,1587631151000,1156
CuAgSlJwl,milk_coffee,1.0,1587636947000,1157
D6F0qp7s7,cortado,1.0,1587641212000,1158
d4guBrpB,cortado,1.0,1587647081000,1159
93xlxT,chocolate,1.0,1587653294000,1160
gKUuuzg9,chocolate,1.0,1587708507000,1161
FmxgvxmU,cortado,1.0,1587708680000,1162
5pVcV5V,chocolate,1.0,1587708841000,1163
CuAgSlJwl,cortado,1.0,1587723658000,1164
D6F0qp7s7,cortado,1.0,1587733848000,1165
93xlxT,cortado decaffeinated,1.0,1587739336000,1166
d4guBrpB,cortado decaffeinated,1.0,1587742455000,1167
5pVcV5V,hazelnut_cappuccino,1.0,1587974473000,1168
gKUuuzg9,milk_coffee,1.0,1587977547000,1169
CuAgSlJwl,milk_coffee,1.0,1587981701000,1170
FmxgvxmU,cortado,1.0,1587983994000,1171
D6F0qp7s7,cortado,1.0,1587991066000,1172
d4guBrpB,cortado,1.0,1587995702000,1173
93xlxT,chocolate,1.0,1587999273000,1174
CuAgSlJwl,milk_coffee,1.0,1588060093000,1175
gKUuuzg9,milk_coffee,1.0,1588062689000,1176
d4guBrpB,cortado,1.0,1588065080000,1177
FmxgvxmU,cortado,1.0,1588076163000,1178
5pVcV5V,hazelnut_cappuccino,1.0,1588076953000,1179
D6F0qp7s7,cortado,1.0,1588078984000,1180
93xlxT,chocolate,1.0,1588085371000,1181
93xlxT,cortado decaffeinated,1.0,1588150508000,1182
CuAgSlJwl,cortado,1.0,1588155173000,1183
FmxgvxmU,cortado,1.0,1588157009000,1184
gKUuuzg9,chocolate,1.0,1588159059000,1185
5pVcV5V,chocolate,1.0,1588163234000,1186
D6F0qp7s7,cortado,1.0,1588166439000,1187
d4guBrpB,cortado decaffeinated,1.0,1588173747000,1188
gKUuuzg9,milk_coffee,1.0,1588227849000,1189
FmxgvxmU,cortado,1.0,1588228448000,1190
CuAgSlJwl,milk_coffee,1.0,1588233270000,1191
93xlxT,chocolate,1.0,1588236028000,1192
5pVcV5V,hazelnut_cappuccino,1.0,1588241140000,1193
D6F0qp7s7,cortado,1.0,1588251779000,1194
d4guBrpB,cortado,1.0,1588254883000,1195
gKUuuzg9,milk_coffee,1.0,1588572574000,1196
FmxgvxmU,cortado,1.0,1588573767000,1197
5pVcV5V,hazelnut_cappuccino,1.0,1588586482000,1198
CuAgSlJwl,milk_coffee,1.0,1588587354000,1199
D6F0qp7s7,cortado,1.0,1588596755000,1200
d4guBrpB,cortado,1.0,1588600191000,1201
93xlxT,chocolate,1.0,1588603111000,1202
FmxgvxmU,cortado,1.0,1588667784000,1203
CuAgSlJwl,cortado,1.0,1588673861000,1204
gKUuuzg9,chocolate,1.0,1588678250000,1205
5pVcV5V,chocolate,1.0,1588681804000,1206
D6F0qp7s7,cortado,1.0,1588682017000,1207
93xlxT,cortado decaffeinated,1.0,1588690531000,1208
d4guBrpB,cortado decaffeinated,1.0,1588691735000,1209
5pVcV5V,hazelnut_cappuccino,1.0,1588745505000,1210
gKUuuzg9,milk_coffee,1.0,1588746430000,1211
CuAgSlJwl,milk_coffee,1.0,1588749140000,1212
d4guBrpB,cortado,1.0,1588753393000,1213
93xlxT,chocolate,1.0,1588755435000,1214
FmxgvxmU,cortado,1.0,1588762481000,1215
D6F0qp7s7,cortado,1.0,1588771494000,1216
gKUuuzg9,milk_coffee,1.0,1588832661000,1217
CuAgSlJwl,milk_coffee,1.0,1588835112000,1218
93xlxT,chocolate,1.0,1588841646000,1219
d4guBrpB,cortado,1.0,1588842638000,1220
FmxgvxmU,cortado,1.0,1588854132000,1221
5pVcV5V,hazelnut_cappuccino,1.0,1588854422000,1222
D6F0qp7s7,cortado,1.0,1588857459000,1223
CuAgSlJwl,cortado,1.0,1588914685000,1224
d4guBrpB,cortado decaffeinated,1.0,1588925905000,1225
gKUuuzg9,chocolate,1.0,1588927888000,1226
93xlxT,cortado decaffeinated,1.0,1588928229000,1227
D6F0qp7s7,cortado,1.0,1588937809000,1228
FmxgvxmU,cortado,1.0,1588939686000,1229
5pVcV5V,chocolate,1.0,1588939916000,1230
5pVcV5V,hazelnut_cappuccino,1.0,1589177282000,1231
CuAgSlJwl,milk_coffee,1.0,1589181090000,1232
FmxgvxmU,cortado,1.0,1589184092000,1233
gKUuuzg9,milk_coffee,1.0,1589186307000,1234
93xlxT,chocolate,1.0,1589187449000,1235
D6F0qp7s7,cortado,1.0,1589197321000,1236
d4guBrpB,cortado,1.0,1589209754000,1237
gKUuuzg9,milk_coffee,1.0,1589264845000,1238
CuAgSlJwl,milk_coffee,1.0,1589278846000,1239
5pVcV5V,hazelnut_cappuccino,1.0,1589280936000,1240
D6F0qp7s7,cortado,1.0,1589283774000,1241
FmxgvxmU,cortado,1.0,1589285770000,1242
d4guBrpB,cortado,1.0,1589290857000,1243
93xlxT,chocolate,1.0,1589294321000,1244
gKUuuzg9,chocolate,1.0,1589349929000,1245
5pVcV5V,chocolate,1.0,1589350133000,1246
CuAgSlJwl,cortado,1.0,1589353933000,1247
D6F0qp7s7,cortado,1.0,1589369701000,1248
FmxgvxmU,cortado,1.0,1589372951000,1249
93xlxT,cortado decaffeinated,1.0,1589381673000,1250
d4guBrpB,cortado decaffeinated,1.0,1589382633000,1251
CuAgSlJwl,milk_coffee,1.0,1589432416000,1252
FmxgvxmU,cortado,1.0,1589437089000,1253
gKUuuzg9,milk_coffee,1.0,1589437217000,1254
5pVcV5V,hazelnut_cappuccino,1.0,1589437557000,1255
93xlxT,chocolate,1.0,1589446346000,1256
D6F0qp7s7,cortado,1.0,1589462390000,1257
d4guBrpB,cortado,1.0,1589469455000,1258
gKUuuzg9,milk_coffee,1.0,1589523380000,1259
CuAgSlJwl,milk_coffee,1.0,1589526136000,1260
93xlxT,chocolate,1.0,1589532271000,1261
5pVcV5V,hazelnut_cappuccino,1.0,1589537559000,1262
FmxgvxmU,cortado,1.0,1589545693000,1263
D6F0qp7s7,cortado,1.0,1589548663000,1264
d4guBrpB,cortado,1.0,1589550104000,1265
CuAgSlJwl,cortado,1.0,1589779159000,1266
gKUuuzg9,chocolate,1.0,1589782883000,1267
d4guBrpB,cortado decaffeinated,1.0,1589789757000,1268
5pVcV5V,chocolate,1.0,1589796451000,1269
FmxgvxmU,cortado,1.0,1589799153000,1270
D6F0qp7s7,cortado,1.0,1589806076000,1271
93xlxT,cortado decaffeinated,1.0,1589813235000,1272
FmxgvxmU,cortado,1.0,1589869577000,1273
CuAgSlJwl,milk_coffee,1.0,1589874745000,1274
93xlxT,chocolate,1.0,1589877188000,1275
5pVcV5V,hazelnut_cappuccino,1.0,1589878046000,1276
gKUuuzg9,milk_coffee,1.0,1589878453000,1277
d4guBrpB,cortado,1.0,1589879865000,1278
D6F0qp7s7,cortado,1.0,1589889226000,1279
gKUuuzg9,milk_coffee,1.0,1589955987000,1280
CuAgSlJwl,milk_coffee,1.0,1589961310000,1281
FmxgvxmU,cortado,1.0,1589965057000,1282
5pVcV5V,hazelnut_cappuccino,1.0,1589969429000,1283
D6F0qp7s7,cortado,1.0,1589978372000,1284
d4guBrpB,cortado,1.0,1589981982000,1285
93xlxT,chocolate,1.0,1589983214000,1286
CuAgSlJwl,cortado,1.0,1590044479000,1287
93xlxT,cortado decaffeinated,1.0,1590051365000,1288
d4guBrpB,cortado decaffeinated,1.0,1590052482000,1289
5pVcV5V,chocolate,1.0,1590055346000,1290
gKUuuzg9,chocolate,1.0,1590059622000,1291
D6F0qp7s7,cortado,1.0,1590060834000,1292
FmxgvxmU,cortado,1.0,1590064280000,1293
CuAgSlJwl,milk_coffee,1.0,1590134291000,1294
d4guBrpB,cortado,1.0,1590138330000,1295
FmxgvxmU,cortado,1.0,1590144765000,1296
gKUuuzg9,milk_coffee,1.0,1590146997000,1297
5pVcV5V,hazelnut_cappuccino,1.0,1590150613000,1298
D6F0qp7s7,cortado,1.0,1590152998000,1299
93xlxT,chocolate,1.0,1590159073000,1300
FmxgvxmU,cortado,1.0,1590387131000,1301
CuAgSlJwl,milk_coffee,1.0,1590390556000,1302
gKUuuzg9,milk_coffee,1.0,1590405940000,1303
5pVcV5V,hazelnut_cappuccino,1.0,1590408894000,1304
D6F0qp7s7,cortado,1.0,1590414107000,1305
93xlxT,chocolate,1.0,1590417865000,1306
d4guBrpB,cortado,1.0,1590420141000,1307
gKUuuzg9,chocolate,1.0,1590472999000,1308
FmxgvxmU,cortado,1.0,1590481997000,1309
93xlxT,cortado decaffeinated,1.0,1590482909000,1310
CuAgSlJwl,cortado,1.0,1590487729000,1311
5pVcV5V,chocolate,1.0,1590495418000,1312
d4guBrpB,cortado decaffeinated,1.0,1590498163000,1313
D6F0qp7s7,cortado,1.0,1590500196000,1314
FmxgvxmU,cortado,1.0,1590560187000,1315
gKUuuzg9,milk_coffee,1.0,1590568572000,1316
5pVcV5V,hazelnut_cappuccino,1.0,1590568744000,1317
d4guBrpB,cortado,1.0,1590569660000,1318
CuAgSlJwl,milk_coffee,1.0,1590574776000,1319
D6F0qp7s7,cortado,1.0,1590578763000,1320
93xlxT,chocolate,1.0,1590590654000,1321
CuAgSlJwl,milk_coffee,1.0,1590642848000,1322
gKUuuzg9,milk_coffee,1.0,1590655467000,1323
5pVcV5V,hazelnut_cappuccino,1.0,1590663332000,1324
FmxgvxmU,cortado,1.0,1590668303000,1325
D6F0qp7s7,cortado,1.0,1590671820000,1326
93xlxT,chocolate,1.0,1590674609000,1327
d4guBrpB,cortado,1.0,1590680258000,1328
CuAgSlJwl,cortado,1.0,1590729272000,1329
d4guBrpB,cortado decaffeinated,1.0,1590740041000,1330
93xlxT,cortado decaffeinated,1.0,1590742215000,1331
FmxgvxmU,cortado,1.0,1590742222000,1332
gKUuuzg9,chocolate,1.0,1590751245000,1333
5pVcV5V,chocolate,1.0,1590754808000,1334
D6F0qp7s7,cortado,1.0,1590760250000,1335
5pVcV5V,hazelnut_cappuccino,1.0,1590992392000,1336
93xlxT,chocolate,1.0,1591001242000,1337
gKUuuzg9,milk_coffee,1.0,1591001367000,1338
d4guBrpB,cortado,1.0,1591001652000,1339
CuAgSlJwl,milk_coffee,1.0,1591006131000,1340
D6F0qp7s7,cortado,1.0,1591011122000,1341
FmxgvxmU,cortado,1.0,1591013941000,1342
FmxgvxmU,cortado,1.0,1591079055000,1343
CuAgSlJwl,milk_coffee,1.0,1591081757000,1344
d4guBrpB,cortado,1.0,1591085305000,1345
gKUuuzg9,milk_coffee,1.0,1591088071000,1346
5pVcV5V,hazelnut_cappuccino,1.0,1591100396000,1347
D6F0qp7s7,cortado,1.0,1591103943000,1348
93xlxT,chocolate,1.0,1591109237000,1349
CuAgSlJwl,cortado,1.0,1591163427000,1350
93xlxT,cortado decaffeinated,1.0,1591173732000,1351
5pVcV5V,chocolate,1.0,1591179803000,1352
gKUuuzg9,chocolate,1.0,1591182579000,1353
FmxgvxmU,cortado,1.0,1591186994000,1354
D6F0qp7s7,cortado,1.0,1591188579000,1355
d4guBrpB,cortado decaffeinated,1.0,1591192186000,1356
Yx3rQ,cortado,0.5,1678876732964416,1468
Yx3rQ,capuccino,1.0,1678876732964416,1469
Yx3rQ,chocolate,0.0,1678876732964416,1470
Yx3rQ,capuccino,1.0,1678876752739565,1474
0a4Qn,capuccino,1.0,1678876798104941,1481
0a4Qn,txokolate white,0.0,1678876833132972,1488
0a4Qn,cortado,0.5,1678876838181669,1489
0a4Qn,long_coffee,0.0,1678876838181669,1490
0a4Qn,milk_coffee,1.0,1678876867310790,1500
0a4Qn,milk_coffee,1.0,1678876873495535,1501
0a4Qn,arabiar tea,0.0,1678876909538920,1518
0a4Qn,milk_coffee,1.0,1678876927567876,1523
0a4Qn,arabiar tea,0.0,1678876933836634,1525
0a4Qn,capuccino,1.0,1678876941198448,1528
0a4Qn,cortado decaffeinated,0.5,1678876941198448,1529
OCUnH,cortado,0.5,1678879326812655,1539
OCUnH,capuccino,0.5,1678879326812655,1541
OCUnH,decaffeinated,0.0,1678879332853915,1543
OCUnH,expresso,1.0,1678879398478118,1552
OCUnH,cortado,0.0,1678879435089473,1560
OCUnH,capuccino,0.0,1678879435089473,1561
OCUnH,arabiar tea,0.0,1678879435089473,1562
OCUnH,expresso,1.0,1678879451740871,1571
I3RXU,cortado,0.0,1678883776425896,1581
I3RXU,milk_coffee,1.0,1678883783340035,1588
I3RXU,milk_coffee,1.0,1678883791686903,1589
fJlBu,txokolate white,0.0,1678886145738800,1602
fJlBu,capuccino,1.0,1678886152129443,1606
fJlBu,txokolate white,0.0,1678886165946548,1610
fJlBu,cortado,0.5,1678886181697274,1614
fJlBu,capuccino,1.0,1678886181697274,1615
fJlBu,txokolate white,0.0,1678886181697274,1616
OCUnH,cortado,0.0,1678891861549877,1625
OCUnH,milk_coffee,0.0,1678891861549877,1626
OCUnH,long_decaffeinated,0.0,1678891861549877,1627
OCUnH,chocolate_milk,1.0,1678892095691902,1635
I3RXU,milk_coffee,1.0,1678951617434205,1641
I3RXU,milk_coffee,1.0,1678951617434205,1642
fJlBu,milk_coffee,1.0,1678951711164166,1656
ieuWQ,cortado,0.0,1678952324155591,1664
ieuWQ,light_coffee,0.0,1678952324155591,1665
ieuWQ,decaffeinated,0.0,1678952324155591,1666
ieuWQ,decaffeinated,1.0,1678952333014303,1667
ieuWQ,decaffeinated,0.0,1678952341370613,1668
ieuWQ,capuccino decaffeinated,1.0,1678952356053687,1675
OCUnH,hazelnut_cappuccino,0.0,1678967593903538,1689
OCUnH,cortado,0.0,1678967593903538,1690
OCUnH,light_coffee,0.0,1678967593903538,1691
OCUnH,milk_coffee,1.0,1678967617180293,1705
F96Kv,milk_coffee,1.0,1678968537799473,1733
F96Kv,hazelnut_cappuccino,0.5,1678968551465412,1734
F96Kv,long_decaffeinated,0.0,1678968551465412,1735
F96Kv,milk_coffee,1.0,1678968567454626,1736
ws0cho3,milk_coffee,1.0,1678968669457909,1745
ws0cho3,hazelnut_cappuccino,0.0,1678968678479049,1746
ws0cho3,decaffeinated,0.0,1678968678479049,1747
ws0cho3,milk_coffee,0.0,1678968686596379,1748
ws0cho3,expresso,1.0,1678968704378008,1755
fa6SQ,milk_coffee,1.0,1678969101615970,1764
fa6SQ,hazelnut_cappuccino,1.0,1678969140880861,1778
fa6SQ,hazelnut_cappuccino,1.0,1678969140880861,1779
fa6SQ,hazelnut_cappuccino,1.0,1678969140880861,1780
fa6SQ,milk_coffee,0.5,1678969166337214,1786
fa6SQ,capuccino,0.5,1678969166337214,1787
fa6SQ,decaffeinated,0.0,1678969175041903,1788
fa6SQ,milk_coffee,1.0,1678969183417212,1792
fa6SQ,decaffeinated,0.0,1678969191482584,1796
fa6SQ,capuccino,1.0,1678969210192781,1797
0a4Qn,expresso,0.0,1678976182373381,1825
0a4Qn,expresso,0.0,1678976182373381,1830
0a4Qn,long_decaffeinated,0.0,1678976190362629,1831
0a4Qn,txokolate white,1.0,1678976190362629,1832
0a4Qn,txokolate white,1.0,1678976190362629,1833
0a4Qn,milk_coffee kafeinagabe,0.5,1678976217170381,1840
0a4Qn,long_decaffeinated,0.0,1678976217170381,1841
0a4Qn,expresso,0.0,1678976222388792,1842
0a4Qn,expresso,0.0,1678976222388792,1843
Yx3rQ,cortado,1.0,1679036465416976,1846
Yx3rQ,long_coffee,1.0,1679036465416976,1847
Yx3rQ,decaffeinated,0.0,1679036470880360,1848
Yx3rQ,long_coffee,1.0,1679036496995796,1849
ws0cho3,expresso,1.0,1679064178869950,1863
ws0cho3,cortado,0.5,1679064346596844,1870
ws0cho3,milk_coffee,0.5,1679064346596844,1871
ws0cho3,hazelnut_cappuccino,1.0,1679064346596844,1872
ws0cho3,hazelnut_cappuccino,1.0,1679064346596844,1874
Yx3rQ,cortado,0.5,1679065098838788,1883
Yx3rQ,hazelnut_cappuccino,0.5,1679065098838788,1884
Yx3rQ,long_coffee,1.0,1679065098838788,1885
Yx3rQ,long_coffee,1.0,1679065102958272,1887
vRXyI,milk_coffee,0.0,1679567624673752,1896
vRXyI,capuccino,0.0,1679567630613896,1897
vRXyI,expresso,0.5,1679567630613896,1898
vRXyI,long_coffee,1.0,1679567914121704,1908
vRXyI,long_coffee,1.0,1680078919911460,1926
vRXyI,long_coffee,1.0,1680078919911460,1927
sZfLY,expresso,1.0,1680097735434950,1953
Yx3rQ,capuccino,1.0,1679294126725977,1959
I3RXU,milk_coffee,1.0,1679303448035032,1993
I3RXU,milk_coffee,1.0,1679303448035032,1994
I3RXU,milk_coffee,1.0,1679303464297680,2002
OCUnH,cortado,0.0,1679303522420851,2007
OCUnH,cortado,0.0,1679303522420851,2008
OCUnH,long_coffee,0.0,1679303529909365,2009
OCUnH,expresso,1.0,1679303540007552,2010
OCUnH,expresso,1.0,1679303540007552,2011
larri45h,long_coffee,1.0,1679323392143902,2030
Yx3rQ,cortado,0.0,1679387620252348,2036
Yx3rQ,capuccino,1.0,1679387620252348,2037
Yx3rQ,cortado decaffeinated,0.0,1679387620252348,2038
Yx3rQ,long_coffee,1.0,1679387632407167,2042
larri45h,long_coffee,1.0,1679407939876093,2087
larri45h,long_coffee,1.0,1679408036491470,2111
CuAgSlJwl,milk_coffee kafeinagabe,0.5,1679411002506376,2122
CuAgSlJwl,arabiar tea,0.0,1679411017248992,2123
CuAgSlJwl,expresso,0.0,1679411022327628,2124
CuAgSlJwl,milk_coffee,1.0,1679411053207968,2130
